CRIM,ZN,INDUS,CHAS,NOX,RM,AGE,DIS,RAD,TAX,PTRATIO,B,LSTAT,NOISE1,NOISE2,NOISE3,NOISE4,NOISE5,NOISE6,NOISE7,NOISE8,MEDV
0.00632,18,2.31,0,0.538,6.575,65.2,4.09,1,296,15.3,396.9,4.98,0.548071313,0.013571952,0.546147839,6.576233535,65.2049048,0.538942934,6.580719481,65.20576425,24
0.02731,0,7.07,0,0.469,6.421,78.9,4.9671,2,242,17.8,396.9,9.14,0.299037263,0.606930294,0.478900647,6.425352118,78.90239647,0.472314971,6.425164245,78.90451217,21.6
0.02729,0,7.07,0,0.469,7.185,61.1,4.9671,2,242,17.8,392.83,4.03,0.338723968,0.796637289,0.472389476,7.186146589,61.1073124,0.469818575,7.190928784,61.10878318,34.7
0.03237,0,2.18,0,0.458,6.998,45.8,6.0622,3,222,18.7,394.63,2.94,0.013802371,0.207718173,0.46173844,7.001606893,45.80619304,0.45866666,6.998008975,45.80505881,33.4
0.06905,0,2.18,0,0.458,7.147,54.2,6.0622,3,222,18.7,396.9,5.33,0.287858078,0.30355292,0.465696679,7.150286713,54.2041774,0.464939743,7.152998174,54.2043725,36.2
0.17004,12.5,7.87,0,0.524,6.004,85.9,6.5921,5,311,15.2,386.71,17.1,0.8874487,0.914578425,0.531334307,6.011988607,85.9084662,0.527148573,6.008705129,85.90260554,18.9
0.22489,12.5,7.87,0,0.524,6.377,94.3,6.3467,5,311,15.2,392.52,20.45,0.191062268,0.280959471,0.526459293,6.381986412,94.30854726,0.524239521,6.380989318,94.30878188,15
0.11747,12.5,7.87,0,0.524,6.009,82.9,6.2267,5,311,15.2,396.9,13.27,0.139970477,0.10991657,0.524048226,6.010001869,82.90412589,0.524491951,6.010434719,82.90476584,18.9
0.09378,12.5,7.87,0,0.524,5.889,39,5.4509,5,311,15.2,390.5,15.71,0.115025136,0.076508617,0.531543479,5.894822412,39.00804614,0.526370761,5.894237905,39.00507457,21.7
0.62976,0,8.14,0,0.538,5.949,61.8,4.7075,4,307,21,396.9,8.26,0.854361333,0.484875358,0.544767165,5.94966467,61.80224841,0.542026087,5.958548069,61.80467069,20.4
0.63796,0,8.14,0,0.538,6.096,84.5,4.4619,4,307,21,380.02,10.26,0.106782023,0.963875393,0.54377633,6.099177672,84.50351971,0.541466152,6.10116816,84.50098901,18.2
0.62739,0,8.14,0,0.538,5.834,56.5,4.4986,4,307,21,395.62,8.47,0.408449079,0.04737662,0.545376689,5.841635677,56.50223092,0.544008644,5.834101162,56.50001164,19.9
0.80271,0,8.14,0,0.538,5.456,36.6,3.7965,4,307,21,288.99,11.69,0.058682693,0.435376922,0.545189038,5.464589744,36.60907498,0.547820016,5.456971251,36.60873762,20.2
0.7258,0,8.14,0,0.538,5.727,69.5,3.7965,4,307,21,390.95,11.28,0.33592228,0.147807007,0.53869,5.733022353,69.50705446,0.541707233,5.729183223,69.50145255,18.2
1.25179,0,8.14,0,0.538,5.57,98.1,3.7979,4,307,21,376.57,21.02,0.528500893,0.873118349,0.547462739,5.573279556,98.10873105,0.538294411,5.573620931,98.10245252,13.6
0.85204,0,8.14,0,0.538,5.965,89.2,4.0123,4,307,21,392.53,13.83,0.562496149,0.147688282,0.545921987,5.965001267,89.20613534,0.54237552,5.974678886,89.2070468,19.6
1.23247,0,8.14,0,0.538,6.142,91.7,3.9769,4,307,21,396.9,18.72,0.27538143,0.457578094,0.540787533,6.147008547,91.70469231,0.547129572,6.147330182,91.70398601,15.2
0.98843,0,8.14,0,0.538,5.813,100,4.0952,4,307,21,394.54,19.88,0.853108859,0.899046067,0.538519851,5.817595259,100.0054667,0.541673127,5.821701976,100.0062574,14.5
0.75026,0,8.14,0,0.538,5.924,94.1,4.3996,4,307,21,394.33,16.3,0.079919654,0.384431446,0.544176519,5.9253013,94.10901436,0.544582063,5.924933416,94.10193469,15.6
0.84054,0,8.14,0,0.538,5.599,85.7,4.4546,4,307,21,303.42,16.51,0.581538043,0.416853579,0.543510685,5.602055845,85.70575563,0.541990135,5.607104165,85.70195358,13.9
0.67191,0,8.14,0,0.538,5.813,90.3,4.682,4,307,21,376.88,14.81,0.282350973,0.766667091,0.541815733,5.820992993,90.307713,0.541530565,5.815150931,90.30095243,16.6
0.95577,0,8.14,0,0.538,6.047,88.8,4.4534,4,307,21,306.38,17.28,0.416284632,0.66632893,0.542426797,6.049150062,88.80266436,0.539422962,6.054795605,88.80288267,14.8
0.77299,0,8.14,0,0.538,6.495,94.4,4.4547,4,307,21,387.94,12.8,0.082108053,0.544728263,0.539225515,6.497357956,94.40312329,0.545401958,6.495281898,94.40872761,18.4
1.00245,0,8.14,0,0.538,6.674,87.3,4.239,4,307,21,380.23,11.98,0.584284417,0.903024917,0.541247009,6.676201013,87.30773072,0.540463019,6.6790824,87.30354055,21
1.13081,0,8.14,0,0.538,5.713,94.1,4.233,4,307,21,360.17,22.6,0.46534353,0.64221077,0.546765528,5.71822723,94.10443317,0.545618323,5.713365086,94.10659529,12.7
1.35472,0,8.14,0,0.538,6.072,100,4.175,4,307,21,376.73,13.04,0.750573182,0.328388461,0.538749721,6.081176227,100.0049986,0.541699882,6.081436691,100.0062437,14.5
1.38799,0,8.14,0,0.538,5.95,82,3.99,4,307,21,232.6,27.71,0.713902008,0.215091532,0.547538883,5.951082601,82.00890276,0.543891593,5.951858835,82.00765222,13.2
1.15172,0,8.14,0,0.538,5.701,95,3.7872,4,307,21,358.77,18.35,0.850928201,0.559075079,0.544802409,5.710066952,95.00106631,0.54455777,5.708163953,95.0005386,13.1
1.61282,0,8.14,0,0.538,6.096,96.9,3.7598,4,307,21,248.31,20.34,0.186494988,0.881416683,0.546569323,6.096707816,96.90447466,0.54574998,6.101908812,96.90845724,13.5
0.06417,0,5.96,0,0.499,5.933,68.2,3.3603,5,279,19.2,396.9,9.68,0.939000937,0.756828313,0.500123594,5.942074907,68.20704106,0.506554147,5.939940157,68.20529972,18.9
0.09744,0,5.96,0,0.499,5.841,61.4,3.3779,5,279,19.2,377.56,11.41,0.475340848,0.344609934,0.500657308,5.850627287,61.40204838,0.50804025,5.848783343,61.40459589,20
0.08014,0,5.96,0,0.499,5.85,41.5,3.9342,5,279,19.2,396.9,8.77,0.635729107,0.513631634,0.505654312,5.853914026,41.50099575,0.503179548,5.857455049,41.50450897,21
0.17505,0,5.96,0,0.499,5.966,30.2,3.8473,5,279,19.2,393.43,10.13,0.316812161,0.625419666,0.508639209,5.974408329,30.20571075,0.50149667,5.968595646,30.20818642,24.7
0.02763,75,2.95,0,0.428,6.595,21.8,5.4011,3,252,18.3,395.63,4.32,0.907385707,0.851951059,0.433675368,6.601224704,21.801761,0.428315288,6.603030395,21.80541865,30.8
0.03359,75,2.95,0,0.428,7.024,15.8,5.4011,3,252,18.3,395.62,1.98,0.174839831,0.934549193,0.434455012,7.026840746,15.80633505,0.432969619,7.032484513,15.80799705,34.9
0.12744,0,6.91,0,0.448,6.77,2.9,5.7209,3,233,17.9,385.41,4.84,0.033372123,0.656081326,0.454149341,6.778853717,2.906811212,0.450880288,6.772071535,2.900779714,26.6
0.1415,0,6.91,0,0.448,6.169,6.6,5.7209,3,233,17.9,383.37,5.81,0.436425106,0.050377442,0.454471425,6.175827753,6.606145562,0.450468386,6.175807126,6.607303985,25.3
0.15936,0,6.91,0,0.448,6.211,6.5,5.7209,3,233,17.9,394.46,7.44,0.447015729,0.697296268,0.448470797,6.217803956,6.504054666,0.453470811,6.21391747,6.501587239,24.7
0.12269,0,6.91,0,0.448,6.069,40,5.7209,3,233,17.9,389.39,9.55,0.566635918,0.295060875,0.452724827,6.074491444,40.0017821,0.4550379,6.0782687,40.00739249,21.2
0.17142,0,6.91,0,0.448,5.682,33.8,5.1004,3,233,17.9,396.9,10.21,0.62131167,0.468703011,0.454738547,5.689480944,33.80287586,0.45137106,5.691014598,33.80093353,19.3
0.18836,0,6.91,0,0.448,5.786,33.3,5.1004,3,233,17.9,396.9,14.15,0.590169314,0.993114184,0.452941114,5.793941064,33.30517961,0.457880014,5.787573336,33.30838851,20
0.22927,0,6.91,0,0.448,6.03,85.5,5.6894,3,233,17.9,392.74,18.8,0.427668853,0.211582013,0.457766812,6.031115442,85.50205151,0.4547853,6.031651126,85.50973143,16.6
0.25387,0,6.91,0,0.448,5.399,95.3,5.87,3,233,17.9,396.9,30.81,0.053605528,0.446100329,0.452482345,5.407211651,95.3043787,0.45797988,5.399041896,95.30509723,14.4
0.21977,0,6.91,0,0.448,5.602,62,6.0877,3,233,17.9,396.9,16.2,0.672164778,0.213319354,0.457558624,5.602711648,62.00856222,0.456897384,5.608877617,62.00233908,19.4
0.08873,21,5.64,0,0.439,5.963,45.7,6.8147,4,243,16.8,395.56,13.45,0.498052168,0.351583613,0.445138038,5.96714798,45.70513608,0.445922028,5.967030868,45.7008355,19.7
0.04337,21,5.64,0,0.439,6.115,63,6.8147,4,243,16.8,393.97,9.43,0.736865749,0.391287679,0.440751538,6.116891642,63.00716058,0.448847106,6.120105402,63.00537738,20.5
0.0536,21,5.64,0,0.439,6.511,21.1,6.8147,4,243,16.8,396.9,5.28,0.327389889,0.954430184,0.443591508,6.519310001,21.10206025,0.442172359,6.517360037,21.10990779,25
0.04981,21,5.64,0,0.439,5.998,21.4,6.8147,4,243,16.8,396.9,8.43,0.427282217,0.567577049,0.445765452,6.007123818,21.40639865,0.439151118,6.007705111,21.40295458,23.4
0.0136,75,4,0,0.41,5.888,47.6,7.3197,3,469,21.1,396.9,14.8,0.947943775,0.844268851,0.411372056,5.895374048,47.60205351,0.416574926,5.890515028,47.60407973,18.9
0.01311,90,1.22,0,0.403,7.249,21.9,8.6966,5,226,17.9,395.93,4.81,0.750411944,0.094003513,0.410861876,7.252230502,21.90749778,0.410831479,7.256105212,21.90091224,35.4
0.02055,85,0.74,0,0.41,6.383,35.7,9.1876,2,313,17.3,396.9,5.77,0.986115268,0.500120868,0.416391489,6.388128776,35.70029064,0.413201816,6.39158588,35.7014958,24.7
0.01432,100,1.32,0,0.411,6.816,40.5,8.3248,5,256,15.1,392.9,3.95,0.81674307,0.259206699,0.41428253,6.821658143,40.50513215,0.415948677,6.816423184,40.5082408,31.6
0.15445,25,5.13,0,0.453,6.145,29.2,7.8148,8,284,19.7,390.68,6.86,0.089527478,0.489538006,0.453049649,6.148975372,29.20789228,0.456320002,6.153055966,29.20837254,23.3
0.10328,25,5.13,0,0.453,5.927,47.2,6.932,8,284,19.7,396.9,9.22,0.860938465,0.983879644,0.459214042,5.93022193,47.20841408,0.45391918,5.929146991,47.20301057,19.6
0.14932,25,5.13,0,0.453,5.741,66.2,7.2254,8,284,19.7,395.11,13.15,0.799764131,0.822933555,0.455007895,5.741956919,66.20468741,0.461089925,5.743132726,66.20769937,18.7
0.17171,25,5.13,0,0.453,5.966,93.4,6.8185,8,284,19.7,378.08,14.44,0.126395845,0.07165358,0.457342717,5.975487485,93.40846888,0.462309622,5.968824915,93.40398006,16
0.11027,25,5.13,0,0.453,6.456,67.8,7.2255,8,284,19.7,396.9,6.73,0.696976661,0.983216869,0.453518189,6.4648613,67.80731507,0.461639255,6.458738057,67.80875692,22.2
0.1265,25,5.13,0,0.453,6.762,43.4,7.9809,8,284,19.7,395.58,9.5,0.340222956,0.008688324,0.453052384,6.77155958,43.4027451,0.461095359,6.769987816,43.40337365,25
0.01951,17.5,1.38,0,0.4161,7.104,59.5,9.2229,3,216,18.6,393.24,8.05,0.19530048,0.243418299,0.423337091,7.1065932,59.50044858,0.425460582,7.104147588,59.50131269,33
0.03584,80,3.37,0,0.398,6.29,17.8,6.6115,4,337,16.1,396.9,4.67,0.832270308,0.562750803,0.40748369,6.292775996,17.8088535,0.400752972,6.291935055,17.80936008,23.5
0.04379,80,3.37,0,0.398,5.787,31.1,6.6115,4,337,16.1,396.9,10.24,0.667768272,0.30445266,0.405000211,5.793504498,31.10044581,0.400198553,5.787207514,31.10560284,19.4
0.05789,12.5,6.07,0,0.409,5.878,21.4,6.498,4,345,18.9,396.21,8.1,0.494361545,0.155375021,0.417021788,5.887052512,21.40304437,0.417182332,5.879210469,21.40008804,22
0.13554,12.5,6.07,0,0.409,5.594,36.8,6.498,4,345,18.9,396.9,13.09,0.747865299,0.499984721,0.412587358,5.594813535,36.80671784,0.415144212,5.603651675,36.8078029,17.4
0.12816,12.5,6.07,0,0.409,5.885,33,6.498,4,345,18.9,396.9,8.79,0.658879924,0.657508683,0.418235103,5.889298815,33.00377194,0.41745576,5.890821661,33.00570795,20.9
0.08826,0,10.81,0,0.413,6.417,6.6,5.2873,4,305,19.2,383.73,6.72,0.205453183,0.056651583,0.414497755,6.421950812,6.60094869,0.415104587,6.425947718,6.605700027,24.2
0.15876,0,10.81,0,0.413,5.961,17.5,5.2873,4,305,19.2,376.94,9.88,0.453936706,0.532606521,0.419339598,5.96891925,17.5029002,0.422860925,5.966014943,17.50908914,21.7
0.09164,0,10.81,0,0.413,6.065,7.8,5.2873,4,305,19.2,390.91,5.52,0.243149442,0.336611557,0.413451974,6.071816324,7.802222394,0.4142433,6.06811009,7.801276717,22.8
0.19539,0,10.81,0,0.413,6.245,6.2,5.2873,4,305,19.2,377.17,7.54,0.590298886,0.90071786,0.42011643,6.247613356,6.207571043,0.415431935,6.248354432,6.200047311,23.4
0.07896,0,12.83,0,0.437,6.273,6,4.2515,5,398,18.7,394.92,6.78,0.660940344,0.135190061,0.442011981,6.276137263,6.009719514,0.441533926,6.282355195,6.002458059,24.1
0.09512,0,12.83,0,0.437,6.286,45,4.5026,5,398,18.7,383.23,8.94,0.562590638,0.576813696,0.439384782,6.294553405,45.00572722,0.438943885,6.292234245,45.00740628,21.4
0.10153,0,12.83,0,0.437,6.279,74.5,4.0522,5,398,18.7,373.66,11.97,0.035571909,0.648781323,0.444494557,6.282122992,74.50497462,0.442933627,6.282259906,74.50478503,20
0.08707,0,12.83,0,0.437,6.14,45.8,4.0905,5,398,18.7,386.96,10.27,0.457245814,0.053614249,0.446358043,6.145139787,45.80778045,0.444997797,6.144361686,45.80076471,20.8
0.05646,0,12.83,0,0.437,6.232,53.7,5.0141,5,398,18.7,386.4,12.34,0.641529618,0.855949397,0.442363485,6.240028388,53.70822841,0.443283581,6.235431945,53.7040703,21.2
0.08387,0,12.83,0,0.437,5.874,36.6,4.5026,5,398,18.7,396.06,9.1,0.987524953,0.591210039,0.437078941,5.882906434,36.60618485,0.437007657,5.883142711,36.60664733,20.3
0.04113,25,4.86,0,0.426,6.727,33.5,5.4007,4,281,19,396.9,5.29,0.469527048,0.66049374,0.432525397,6.728443544,33.5016748,0.430963077,6.729469743,33.50704633,28
0.04462,25,4.86,0,0.426,6.619,70.4,5.4007,4,281,19,395.63,7.22,0.482000853,0.174357575,0.430270159,6.620673372,70.408843,0.426991281,6.626488176,70.40619101,23.9
0.03659,25,4.86,0,0.426,6.302,32.2,5.4007,4,281,19,396.9,6.72,0.680488076,0.429559448,0.428514122,6.306866346,32.20138269,0.430905398,6.303695762,32.2052322,24.8
0.03551,25,4.86,0,0.426,6.167,46.7,5.4007,4,281,19,390.64,7.51,0.038613733,0.446932923,0.428252025,6.175673578,46.7060513,0.431629453,6.16778546,46.70018517,22.9
0.05059,0,4.49,0,0.449,6.389,48,4.7794,3,247,18.5,396.9,9.62,0.642452063,0.615575195,0.45342119,6.396668812,48.00877219,0.449756514,6.391205062,48.00574299,23.9
0.05735,0,4.49,0,0.449,6.63,56.1,4.4377,3,247,18.5,392.3,6.53,0.907412251,0.089251988,0.449031173,6.634938232,56.10040125,0.449880381,6.635845958,56.10459855,26.6
0.05188,0,4.49,0,0.449,6.015,45.1,4.4272,3,247,18.5,395.99,12.86,0.951259515,0.997790551,0.451597248,6.019500862,45.10386045,0.449872623,6.019426344,45.10336255,22.5
0.07151,0,4.49,0,0.449,6.121,56.8,3.7476,3,247,18.5,395.15,8.44,0.740051617,0.773771754,0.458540974,6.126548964,56.80000174,0.457591576,6.12346186,56.80608022,22.2
0.0566,0,3.41,0,0.489,7.007,86.3,3.4217,2,270,17.8,396.9,5.5,0.050011538,0.173737618,0.497903135,7.014790346,86.30390167,0.489007144,7.01302561,86.30895852,23.6
0.05302,0,3.41,0,0.489,7.079,63.1,3.4145,2,270,17.8,396.06,5.7,0.370045494,0.169282039,0.490444621,7.079101459,63.10967265,0.490759055,7.083423715,63.1088685,28.7
0.04684,0,3.41,0,0.489,6.417,66.1,3.0923,2,270,17.8,392.18,8.81,0.712306364,0.478308619,0.491185104,6.424750701,66.10213793,0.495819124,6.425557844,66.10545591,22.6
0.03932,0,3.41,0,0.489,6.405,73.9,3.0921,2,270,17.8,393.55,8.2,0.013198746,0.003417715,0.495651334,6.409929809,73.90421839,0.490106012,6.410255742,73.90287086,22
0.04203,28,15.04,0,0.464,6.442,53.6,3.6659,4,270,18.2,395.01,8.16,0.056807692,0.103692858,0.47051454,6.450433602,53.60457885,0.468021,6.448219635,53.60065611,22.9
0.02875,28,15.04,0,0.464,6.211,28.9,3.6659,4,270,18.2,396.33,6.21,0.225962603,0.848922229,0.472301551,6.217199026,28.90856819,0.473382824,6.214017626,28.90568455,25
0.04294,28,15.04,0,0.464,6.249,77.3,3.615,4,270,18.2,396.9,10.59,0.613211061,0.277825412,0.464591015,6.250982669,77.30381814,0.469817956,6.255087277,77.3003354,20.6
0.12204,0,2.89,0,0.445,6.625,57.8,3.4952,2,276,18,357.98,6.65,0.672494997,0.437982854,0.447393184,6.626429378,57.80907261,0.452902141,6.632314955,57.80477008,28.4
0.11504,0,2.89,0,0.445,6.163,69.6,3.4952,2,276,18,391.83,11.34,0.664565163,0.617776809,0.451915762,6.165253472,69.60733053,0.453582495,6.171785964,69.60213437,21.4
0.12083,0,2.89,0,0.445,8.069,76,3.4952,2,276,18,396.9,4.21,0.793029752,0.099111704,0.445846553,8.075337455,76.00846577,0.454955561,8.074239791,76.00018062,38.7
0.08187,0,2.89,0,0.445,7.82,36.9,3.4952,2,276,18,393.53,3.57,0.010608051,0.611225097,0.450737445,7.826926888,36.90617556,0.445441571,7.822447223,36.90892398,43.8
0.0686,0,2.89,0,0.445,7.416,62.5,3.4952,2,276,18,396.9,6.19,0.707136843,0.67493743,0.451885505,7.423264618,62.50690618,0.454444131,7.424246777,62.50365466,33.2
0.14866,0,8.56,0,0.52,6.727,79.9,2.7778,5,384,20.9,394.76,9.42,0.58768599,0.484236736,0.529891537,6.735601872,79.90298362,0.526772245,6.731328789,79.90660001,27.5
0.11432,0,8.56,0,0.52,6.781,71.3,2.8561,5,384,20.9,395.58,7.67,0.190076654,0.065267891,0.522088411,6.783234861,71.30581148,0.528413069,6.790585307,71.30367842,26.5
0.22876,0,8.56,0,0.52,6.405,85.4,2.7147,5,384,20.9,70.8,10.63,0.4870167,0.895391022,0.527813312,6.41355451,85.40929136,0.524354218,6.407886317,85.40081758,18.6
0.21161,0,8.56,0,0.52,6.137,87.4,2.7147,5,384,20.9,394.47,13.44,0.019284677,0.18047975,0.521134316,6.13934399,87.40329541,0.529438355,6.137277634,87.4039873,19.3
0.12802,0,8.56,0,0.52,6.474,97.1,2.4329,5,384,20.9,395.24,12.27,0.000906922,0.342680541,0.525774038,6.474240384,97.10544532,0.522914209,6.47779931,97.10087326,19.8
0.26363,0,8.56,0,0.52,6.229,91.2,2.5451,5,384,20.9,391.23,15.55,0.215585482,0.13259301,0.528926894,6.233565973,91.20435076,0.529540496,6.235455958,91.20312156,19.4
0.10793,0,8.56,0,0.52,6.195,54.4,2.7778,5,384,20.9,393.49,13,0.256507276,0.296570654,0.523718067,6.197800303,54.40440273,0.52539171,6.200354271,54.40437729,21.7
0.10084,0,10.01,0,0.547,6.715,81.6,2.6775,6,432,17.8,395.59,10.16,0.066393992,0.067546129,0.555552929,6.724115682,81.60086162,0.551284591,6.71519447,81.60012472,22.8
0.12329,0,10.01,0,0.547,5.913,92.9,2.3534,6,432,17.8,394.95,16.21,0.295884211,0.71266928,0.550437147,5.917162241,92.90664747,0.554088167,5.921750388,92.90398654,18.8
0.22212,0,10.01,0,0.547,6.092,95.4,2.548,6,432,17.8,396.9,17.09,0.710921659,0.148787763,0.551628349,6.096600931,95.40450592,0.554721804,6.099384031,95.40395291,18.7
0.14231,0,10.01,0,0.547,6.254,84.2,2.2565,6,432,17.8,388.74,10.45,0.377899839,0.177466329,0.556360553,6.25615201,84.20181287,0.548073412,6.260396179,84.20978225,18.5
0.17134,0,10.01,0,0.547,5.928,88.2,2.4631,6,432,17.8,344.91,15.76,0.058741547,0.406165984,0.549537189,5.937737298,88.20301655,0.550855117,5.93704126,88.20844449,18.3
0.13158,0,10.01,0,0.547,6.176,72.5,2.7301,6,432,17.8,393.3,12.04,0.357636446,0.423825004,0.549019597,6.179689545,72.50240276,0.548866883,6.17976285,72.50347915,21.2
0.15098,0,10.01,0,0.547,6.021,82.6,2.7474,6,432,17.8,394.51,10.3,0.591551591,0.046370073,0.549296475,6.028498179,82.60171911,0.554789959,6.023848263,82.6016426,19.2
0.13058,0,10.01,0,0.547,5.872,73.1,2.4775,6,432,17.8,338.63,15.37,0.987603921,0.804345429,0.54931942,5.873007976,73.10752957,0.547084436,5.87895475,73.10948599,20.4
0.14476,0,10.01,0,0.547,5.731,65.2,2.7592,6,432,17.8,391.5,13.61,0.733142774,0.693672664,0.549423908,5.739086276,65.20994991,0.556394881,5.732047242,65.20304438,19.3
0.06899,0,25.65,0,0.581,5.87,69.7,2.2577,2,188,19.1,389.15,14.37,0.766064819,0.244575132,0.585254856,5.877431875,69.70879865,0.58559434,5.874766864,69.70084914,22
0.07165,0,25.65,0,0.581,6.004,84.1,2.1974,2,188,19.1,377.67,14.27,0.630776023,0.105484938,0.588513659,6.004477303,84.10719736,0.583260113,6.012417037,84.10100387,20.3
0.09299,0,25.65,0,0.581,5.961,92.9,2.0869,2,188,19.1,378.09,17.93,0.316107762,0.593849065,0.588787983,5.961636278,92.90707417,0.586088737,5.964619497,92.90006506,20.5
0.15038,0,25.65,0,0.581,5.856,97,1.9444,2,188,19.1,370.31,25.41,0.552668421,0.573476466,0.581925265,5.860782247,97.00308358,0.584470891,5.863380398,97.00984757,17.3
0.09849,0,25.65,0,0.581,5.879,95.8,2.0063,2,188,19.1,379.38,17.58,0.674277571,0.649425084,0.588899573,5.88113281,95.80145947,0.586219526,5.884716197,95.80933603,18.8
0.16902,0,25.65,0,0.581,5.986,88.4,1.9929,2,188,19.1,385.02,14.81,0.953026112,0.491497718,0.581902099,5.98895472,88.40749673,0.582455611,5.992939723,88.40038686,21.4
0.38735,0,25.65,0,0.581,5.613,95.6,1.7572,2,188,19.1,359.29,27.26,0.483401555,0.200087164,0.586557949,5.619873549,95.60091831,0.582019218,5.620721258,95.60662932,15.7
0.25915,0,21.89,0,0.624,5.693,96,1.7883,4,437,21.2,392.11,17.19,0.260429126,0.199121449,0.628721815,5.701521745,96.0043542,0.632597203,5.693589345,96.00859154,16.2
0.32543,0,21.89,0,0.624,6.431,98.8,1.8125,4,437,21.2,396.9,15.39,0.514773211,0.27784928,0.624420152,6.431907832,98.80738125,0.626825116,6.432570884,98.80541415,18
0.88125,0,21.89,0,0.624,5.637,94.7,1.9799,4,437,21.2,396.9,18.34,0.371885815,0.493123017,0.626231752,5.637524847,94.70417917,0.631489311,5.637248224,94.70283425,14.3
0.34006,0,21.89,0,0.624,6.458,98.9,2.1185,4,437,21.2,395.04,12.6,0.659417943,0.876324137,0.62690394,6.467531089,98.90595994,0.630059418,6.46163359,98.90649295,19.2
1.19294,0,21.89,0,0.624,6.326,97.7,2.271,4,437,21.2,396.9,12.26,0.974741155,0.316499879,0.633709963,6.326700545,97.70228216,0.632021604,6.327777321,97.70634035,19.6
0.59005,0,21.89,0,0.624,6.372,97.9,2.3274,4,437,21.2,385.76,11.12,0.678303178,0.389148666,0.632663659,6.37621131,97.90541534,0.627948506,6.373099844,97.90937474,23
0.32982,0,21.89,0,0.624,5.822,95.4,2.4699,4,437,21.2,388.69,15.03,0.058468862,0.351651668,0.63090347,5.826230642,95.40305329,0.631803564,5.825300374,95.40723151,18.4
0.97617,0,21.89,0,0.624,5.757,98.4,2.346,4,437,21.2,262.76,17.31,0.315506158,0.942278898,0.62519428,5.76698328,98.40876447,0.630485693,5.760474939,98.40552474,15.6
0.55778,0,21.89,0,0.624,6.335,98.2,2.1107,4,437,21.2,394.67,16.96,0.3096712,0.218603197,0.633267718,6.339149344,98.20357633,0.626640424,6.339956714,98.20231387,18.1
0.32264,0,21.89,0,0.624,5.942,93.5,1.9669,4,437,21.2,378.25,16.9,0.369094326,0.629878813,0.632837717,5.944638181,93.50895984,0.628428016,5.945547207,93.5056219,17.4
0.35233,0,21.89,0,0.624,6.454,98.4,1.8498,4,437,21.2,394.08,14.59,0.295286123,0.119419141,0.632239616,6.463654262,98.40045612,0.630708999,6.456216071,98.40662575,17.1
0.2498,0,21.89,0,0.624,5.857,98.2,1.6686,4,437,21.2,392.04,21.32,0.135053644,0.113608251,0.629286387,5.860485212,98.20805646,0.632072643,5.860056709,98.20138953,13.3
0.54452,0,21.89,0,0.624,6.151,97.9,1.6687,4,437,21.2,396.9,18.46,0.512375464,0.597030037,0.625423021,6.155322761,97.90594041,0.628672505,6.152791292,97.90675779,17.8
0.2909,0,21.89,0,0.624,6.174,93.6,1.6119,4,437,21.2,388.08,24.16,0.506295814,0.480297509,0.63288616,6.175493537,93.60699547,0.625571152,6.174269034,93.60511531,14
1.62864,0,21.89,0,0.624,5.019,100,1.4394,4,437,21.2,396.9,34.41,0.388919097,0.791611074,0.627378365,5.028741148,100.0098436,0.624068637,5.022551645,100.009051,14.4
3.32105,0,19.58,1,0.871,5.403,100,1.3216,5,403,14.7,396.9,26.82,0.602189013,0.74659548,0.876960282,5.412944402,100.0073118,0.873746858,5.405530305,100.0062884,13.4
4.0974,0,19.58,0,0.871,5.468,100,1.4118,5,403,14.7,396.9,26.42,0.777764648,0.186482968,0.874669111,5.474903506,100.0080248,0.875659928,5.4737536,100.005812,15.6
2.77974,0,19.58,0,0.871,4.903,97.8,1.3459,5,403,14.7,396.9,29.29,0.639545174,0.097833348,0.871681651,4.91217859,97.80205965,0.876014075,4.905263601,97.80019148,11.8
2.37934,0,19.58,0,0.871,6.13,100,1.4191,5,403,14.7,172.91,27.8,0.997532137,0.537187927,0.879922347,6.132115899,100.0087003,0.875783427,6.132805622,100.0034118,13.8
2.15505,0,19.58,0,0.871,5.628,100,1.5166,5,403,14.7,169.27,16.65,0.392190401,0.558283349,0.873212714,5.635874261,100.001194,0.873264248,5.633080123,100.0058423,15.6
2.36862,0,19.58,0,0.871,4.926,95.7,1.4608,5,403,14.7,391.71,29.53,0.821739461,0.749883412,0.878705201,4.930810753,95.70461852,0.875560056,4.926171543,95.70187099,14.6
2.33099,0,19.58,0,0.871,5.186,93.8,1.5296,5,403,14.7,356.99,28.32,0.251683528,0.927683735,0.876124834,5.195212774,93.80393727,0.872734588,5.186989454,93.80706768,17.8
2.73397,0,19.58,0,0.871,5.597,94.9,1.5257,5,403,14.7,351.85,21.45,0.377154555,0.856689939,0.873678316,5.600989546,94.90188852,0.875392141,5.598968498,94.90336784,15.4
1.6566,0,19.58,0,0.871,6.122,97.3,1.618,5,403,14.7,372.8,14.1,0.362837374,0.241253661,0.879255942,6.129055259,97.3039056,0.876810384,6.129394076,97.30462046,21.5
1.49632,0,19.58,0,0.871,5.404,100,1.5916,5,403,14.7,341.6,13.28,0.789087061,0.283790524,0.876419241,5.406432696,100.0089025,0.87987624,5.408368001,100.0086417,19.6
1.12658,0,19.58,1,0.871,5.012,88,1.6102,5,403,14.7,343.28,12.12,0.525587504,0.435077888,0.878740172,5.017506213,88.00022163,0.873094914,5.016859276,88.00228563,15.3
2.14918,0,19.58,0,0.871,5.709,98.5,1.6232,5,403,14.7,261.95,15.79,0.102904094,0.84687307,0.877397955,5.712342551,98.5026253,0.880193547,5.718407758,98.50482655,19.4
1.41385,0,19.58,1,0.871,6.129,96,1.7494,5,403,14.7,321.02,15.12,0.41022517,0.106127472,0.872105765,6.129747874,96.00181571,0.880725432,6.135062712,96.00081492,17
3.53501,0,19.58,1,0.871,6.152,82.6,1.7455,5,403,14.7,88.01,15.02,0.302287205,0.044783042,0.877711376,6.152676913,82.60891479,0.874524877,6.154502491,82.60697773,15.6
2.44668,0,19.58,0,0.871,5.272,94,1.7364,5,403,14.7,88.63,16.14,0.347151423,0.923174945,0.874897392,5.275121763,94.00254237,0.872789479,5.277545145,94.0031571,13.1
1.22358,0,19.58,0,0.605,6.943,97.4,1.8773,5,403,14.7,363.43,4.59,0.441458587,0.215087959,0.607745954,6.952160561,97.4007077,0.605788792,6.945583276,97.40784289,41.3
1.34284,0,19.58,0,0.605,6.066,100,1.7573,5,403,14.7,353.89,6.43,0.142631971,0.215353635,0.605631406,6.067167794,100.001854,0.610606194,6.075256232,100.0079617,24.3
1.42502,0,19.58,0,0.871,6.51,100,1.7659,5,403,14.7,364.31,7.39,0.699959506,0.012687047,0.87680101,6.512170281,100.0094566,0.875621736,6.512036151,100.0037868,23.3
1.27346,0,19.58,1,0.605,6.25,92.6,1.7984,5,403,14.7,338.92,5.5,0.743059449,0.475473626,0.610767478,6.256378471,92.60053028,0.611208329,6.25504525,92.60268108,27
1.46336,0,19.58,0,0.605,7.489,90.8,1.9709,5,403,14.7,374.43,1.73,0.961349958,0.533598883,0.60990375,7.490827324,90.8009478,0.607859808,7.493376933,90.80332547,50
1.83377,0,19.58,1,0.605,7.802,98.2,2.0407,5,403,14.7,389.61,1.92,0.438888176,0.687863993,0.61323466,7.8049132,98.20105544,0.614155708,7.805343687,98.20840559,50
1.51902,0,19.58,1,0.605,8.375,93.9,2.162,5,403,14.7,388.45,3.32,0.806037087,0.795571914,0.609717633,8.381130549,93.90672642,0.611437604,8.380194511,93.90794089,50
2.24236,0,19.58,0,0.605,5.854,91.8,2.422,5,403,14.7,395.11,11.64,0.884453848,0.446130795,0.608810813,5.860003322,91.80760543,0.607861289,5.859033002,91.80158664,22.7
2.924,0,19.58,0,0.605,6.101,93,2.2834,5,403,14.7,240.16,9.81,0.016847166,0.300056972,0.609576967,6.108927307,93.00247114,0.609474003,6.103410446,93.0078986,25
2.01019,0,19.58,0,0.605,7.929,96.2,2.0459,5,403,14.7,369.3,3.7,0.302852712,0.247110827,0.610435713,7.936654245,96.20069652,0.61178304,7.932277938,96.20948467,50
1.80028,0,19.58,0,0.605,5.877,79.2,2.4259,5,403,14.7,227.61,12.14,0.240001392,0.312011548,0.608419325,5.884694252,79.20306658,0.61145854,5.88492317,79.20074028,23.8
2.3004,0,19.58,0,0.605,6.319,96.1,2.1,5,403,14.7,297.09,11.1,0.292493933,0.211214376,0.612175089,6.319906137,96.10022683,0.607511129,6.322943652,96.10438131,23.8
2.44953,0,19.58,0,0.605,6.402,95.2,2.2625,5,403,14.7,330.04,11.32,0.657160321,0.225762759,0.614097229,6.409535122,95.20638082,0.60897106,6.41190429,95.20772125,22.3
1.20742,0,19.58,0,0.605,5.875,94.6,2.4259,5,403,14.7,292.29,14.43,0.64358282,0.235817106,0.606064036,5.875937834,94.60019755,0.610174559,5.881197904,94.60398787,17.4
2.3139,0,19.58,0,0.605,5.88,97.3,2.3887,5,403,14.7,348.13,12.03,0.902853722,0.263968248,0.605308552,5.887678553,97.30304353,0.610023551,5.885899987,97.30393814,19.1
0.13914,0,4.05,0,0.51,5.572,88.5,2.5961,5,296,16.6,396.9,14.69,0.089762284,0.067620641,0.517621595,5.580051023,88.50716256,0.515526285,5.578102389,88.50893071,23.1
0.09178,0,4.05,0,0.51,6.416,84.1,2.6463,5,296,16.6,395.5,9.04,0.916416122,0.266379132,0.510230679,6.417100171,84.10080393,0.518517412,6.422200216,84.10157697,23.6
0.08447,0,4.05,0,0.51,5.859,68.7,2.7019,5,296,16.6,393.23,9.64,0.026560433,0.334232742,0.519611945,5.859129902,68.70754539,0.515149728,5.8667987,68.7071486,22.6
0.06664,0,4.05,0,0.51,6.546,33.1,3.1323,5,296,16.6,390.96,5.33,0.811139271,0.869626222,0.519213291,6.549848985,33.10623261,0.510031322,6.548235055,33.10400796,29.4
0.07022,0,4.05,0,0.51,6.02,47.2,3.5549,5,296,16.6,393.23,10.11,0.489404593,0.746730847,0.519067338,6.020362592,47.20342549,0.513826948,6.028173415,47.20068654,23.2
0.05425,0,4.05,0,0.51,6.315,73.4,3.3175,5,296,16.6,395.6,6.29,0.015855632,0.714282056,0.513408886,6.323876159,73.40038049,0.514062717,6.323359562,73.40661466,24.6
0.06642,0,4.05,0,0.51,6.86,74.4,2.9153,5,296,16.6,391.27,6.92,0.667699687,0.02714893,0.518169183,6.864079663,74.40315115,0.516107309,6.860737831,74.40996596,29.9
0.0578,0,2.46,0,0.488,6.98,58.4,2.829,3,193,17.8,396.9,5.04,0.876740085,0.467690449,0.489436784,6.980293854,58.40145259,0.496566024,6.988939985,58.40496147,37.2
0.08308,0,2.46,0,0.488,5.604,89.8,2.9879,3,193,17.8,391,13.98,0.905711124,0.837883755,0.497689991,5.605128269,89.80925047,0.492264132,5.607019672,89.80106002,26.4
0.06047,0,2.46,0,0.488,6.153,68.8,3.2797,3,193,17.8,387.11,13.15,0.10282454,0.695355462,0.497398073,6.161433586,68.80032691,0.490523593,6.153445191,68.80005211,29.6
0.05602,0,2.46,0,0.488,7.831,53.6,3.1992,3,193,17.8,392.63,4.45,0.908304842,0.822977548,0.489849372,7.835274305,53.60011649,0.495905816,7.836266588,53.60997055,50
0.07875,45,3.44,0,0.437,6.782,41.1,3.7886,5,398,15.2,393.87,6.68,0.431113574,0.301876205,0.441628382,6.784367801,41.10825635,0.439995582,6.788356549,41.10491837,32
0.12579,45,3.44,0,0.437,6.556,29.1,4.5667,5,398,15.2,382.84,4.56,0.721948812,0.65054756,0.442493227,6.557907521,29.10573738,0.43820736,6.556105551,29.10551073,29.8
0.0837,45,3.44,0,0.437,7.185,38.9,4.5667,5,398,15.2,396.9,5.39,0.913084396,0.538635629,0.437637042,7.194962907,38.90537876,0.446853194,7.192636024,38.90334229,34.9
0.09068,45,3.44,0,0.437,6.951,21.5,6.4798,5,398,15.2,377.68,5.1,0.079816209,0.422794942,0.443441298,6.958330072,21.5002909,0.446173659,6.956844716,21.50028695,37
0.06911,45,3.44,0,0.437,6.739,30.8,6.4798,5,398,15.2,389.71,4.69,0.858365311,0.014331829,0.444191995,6.74587299,30.8087914,0.441273652,6.741440247,30.80810131,30.5
0.08664,45,3.44,0,0.437,7.178,26.3,6.4798,5,398,15.2,390.49,2.87,0.45147808,0.801468317,0.441243219,7.183915827,26.30245024,0.437300192,7.186478968,26.30313929,36.4
0.02187,60,2.93,0,0.401,6.8,9.9,6.2196,1,265,15.6,393.37,5.03,0.077191542,0.815039709,0.406302795,6.803917379,9.901896745,0.406939663,6.805478696,9.90697039,31.1
0.01439,60,2.93,0,0.401,6.604,18.8,6.2196,1,265,15.6,376.7,4.38,0.747786523,0.408937897,0.401742901,6.605349855,18.80387028,0.401705583,6.606515281,18.80337153,29.1
0.01381,80,0.46,0,0.422,7.875,32,5.6484,4,255,14.4,394.23,2.97,0.394668251,0.696503778,0.424853635,7.877838578,32.0058956,0.426308658,7.878753421,32.00386828,50
0.04011,80,1.52,0,0.404,7.287,34.1,7.309,2,329,12.6,396.9,4.08,0.776328284,0.225878483,0.410944105,7.296597056,34.10207097,0.406790495,7.292919496,34.10825398,33.3
0.04666,80,1.52,0,0.404,7.107,36.6,7.309,2,329,12.6,354.31,8.61,0.273042682,0.064234794,0.413644504,7.10917243,36.60824705,0.404134549,7.115217001,36.60936281,30.3
0.03768,80,1.52,0,0.404,7.274,38.3,7.309,2,329,12.6,392.2,6.62,0.558521155,0.604272381,0.410511104,7.275773448,38.30974564,0.408133385,7.276956445,38.30285059,34.6
0.0315,95,1.47,0,0.403,6.975,15.3,7.6534,3,402,17,396.9,4.56,0.885338456,0.042901023,0.411193942,6.980456852,15.30841829,0.408926376,6.981594684,15.30345838,34.9
0.01778,95,1.47,0,0.403,7.135,13.9,7.6534,3,402,17,384.3,4.45,0.834775378,0.097726236,0.409977185,7.141181837,13.90610478,0.409894129,7.141745299,13.90842838,32.9
0.03445,82.5,2.03,0,0.415,6.162,38.4,6.27,2,348,14.7,393.77,7.43,0.805827802,0.149858921,0.41753981,6.16976427,38.40296812,0.421467394,6.164919446,38.40886843,24.1
0.02177,82.5,2.03,0,0.415,7.61,15.7,6.27,2,348,14.7,395.38,3.11,0.974402041,0.45053227,0.420223209,7.612584585,15.70344252,0.416135653,7.613513323,15.70393385,42.3
0.0351,95,2.68,0,0.4161,7.853,33.2,5.118,4,224,14.7,392.78,3.81,0.81426306,0.153345426,0.419874751,7.854112568,33.2052567,0.419657033,7.853859363,33.20483195,48.5
0.02009,95,2.68,0,0.4161,8.034,31.9,5.118,4,224,14.7,390.55,2.88,0.861976904,0.320532346,0.418916356,8.037244283,31.90551983,0.420223765,8.034960084,31.90660833,50
0.13642,0,10.59,0,0.489,5.891,22.3,3.9454,4,277,18.6,396.9,10.87,0.942638106,0.364050314,0.498151081,5.899335132,22.30450064,0.495173075,5.899964082,22.30409022,22.6
0.22969,0,10.59,0,0.489,6.326,52.5,4.3549,4,277,18.6,394.87,10.97,0.025707665,0.407307664,0.489500494,6.328783691,52.50358308,0.495595862,6.335592855,52.50412772,24.4
0.25199,0,10.59,0,0.489,5.783,72.7,4.3549,4,277,18.6,389.43,18.06,0.339341767,0.36529081,0.489179238,5.787420735,72.70543531,0.498723136,5.789549398,72.70612312,22.5
0.13587,0,10.59,1,0.489,6.064,59.1,4.2392,4,277,18.6,381.32,14.66,0.320045635,0.614892277,0.49136959,6.066690093,59.10571736,0.492328472,6.067856375,59.10642304,24.4
0.43571,0,10.59,1,0.489,5.344,100,3.875,4,277,18.6,396.9,23.09,0.809594154,0.781413817,0.496725477,5.345791824,100.0063368,0.489664812,5.349419202,100.0090043,20
0.17446,0,10.59,1,0.489,5.96,92.1,3.8771,4,277,18.6,393.25,17.27,0.121359583,0.548671631,0.492623814,5.966009653,92.10590762,0.492882034,5.968213275,92.10884664,21.7
0.37578,0,10.59,1,0.489,5.404,88.6,3.665,4,277,18.6,395.24,23.98,0.381938416,0.098656513,0.492246025,5.410015665,88.60195319,0.492745785,5.406980882,88.60969816,19.3
0.21719,0,10.59,1,0.489,5.807,53.8,3.6526,4,277,18.6,390.94,16.03,0.022356274,0.932425631,0.49561228,5.815151988,53.80688321,0.498680727,5.815520623,53.80589067,22.4
0.14052,0,10.59,0,0.489,6.375,32.3,3.9454,4,277,18.6,385.81,9.38,0.358955543,0.608377923,0.491310643,6.380286548,32.30668327,0.491853996,6.375200857,32.30590435,28.1
0.28955,0,10.59,0,0.489,5.412,9.8,3.5875,4,277,18.6,348.93,29.55,0.96062866,0.199573824,0.491441361,5.41516442,9.803201169,0.496164894,5.414506921,9.802199166,23.7
0.19802,0,10.59,0,0.489,6.182,42.4,3.9454,4,277,18.6,393.63,9.47,0.199233014,0.420254904,0.492980827,6.190978337,42.40918302,0.490827095,6.182307573,42.40622119,25
0.0456,0,13.89,1,0.55,5.888,56,3.1121,5,276,16.4,392.8,13.51,0.258393228,0.437346654,0.556174206,5.897723371,56.00305119,0.552717114,5.895383054,56.00277552,23.3
0.07013,0,13.89,0,0.55,6.642,85.1,3.4211,5,276,16.4,392.78,9.69,0.512757566,0.298331133,0.554902413,6.648791514,85.10600074,0.559776439,6.648519827,85.10026918,28.7
0.11069,0,13.89,1,0.55,5.951,93.8,2.8893,5,276,16.4,396.9,17.92,0.30378926,0.425820243,0.559749719,5.957574955,93.80709082,0.551464878,5.954046618,93.80593566,21.5
0.11425,0,13.89,1,0.55,6.373,92.4,3.3633,5,276,16.4,393.74,10.5,0.032001476,0.88894618,0.550818486,6.380396856,92.40634052,0.55008174,6.373687071,92.4080756,23
0.35809,0,6.2,1,0.507,6.951,88.5,2.8617,8,307,17.4,391.7,9.71,0.981168889,0.323352182,0.509767737,6.95941085,88.50614104,0.513348346,6.957767515,88.5090976,26.7
0.40771,0,6.2,1,0.507,6.164,91.3,3.048,8,307,17.4,395.24,21.46,0.127067718,0.914287629,0.511245817,6.167088168,91.3043751,0.512249969,6.169240746,91.30292893,21.7
0.62356,0,6.2,1,0.507,6.879,77.7,3.2721,8,307,17.4,390.39,9.93,0.506592966,0.794343239,0.509745537,6.888182428,77.7001861,0.509189626,6.885668116,77.70222332,27.5
0.6147,0,6.2,0,0.507,6.618,80.8,3.2721,8,307,17.4,396.9,7.6,0.907372818,0.213186625,0.512144782,6.62232267,80.80471091,0.512801475,6.623595929,80.80046963,30.1
0.31533,0,6.2,0,0.504,8.266,78.3,2.8944,8,307,17.4,385.05,4.14,0.907668553,0.282349528,0.508782671,8.268422343,78.30054576,0.5090633,8.267084836,78.30726313,44.8
0.52693,0,6.2,0,0.504,8.725,83,2.8944,8,307,17.4,382,4.63,0.34938034,0.376516899,0.511595574,8.731536697,83.00137958,0.512677364,8.734852483,83.00957931,50
0.38214,0,6.2,0,0.504,8.04,86.5,3.2157,8,307,17.4,387.38,3.13,0.643560061,0.753781902,0.51146509,8.046527313,86.50176847,0.504047218,8.042226596,86.50881239,37.6
0.41238,0,6.2,0,0.504,7.163,79.9,3.2157,8,307,17.4,372.08,6.36,0.007454735,0.69007671,0.506299968,7.17171345,79.9040247,0.506313814,7.168232088,79.90864219,31.6
0.29819,0,6.2,0,0.504,7.686,17,3.3751,8,307,17.4,377.51,3.92,0.329765263,0.89103139,0.513288327,7.687842181,17.00612522,0.512916756,7.690655576,17.0078873,46.7
0.44178,0,6.2,0,0.504,6.552,21.4,3.3751,8,307,17.4,380.34,3.76,0.02677502,0.0631328,0.509857409,6.552655072,21.40779682,0.506513963,6.556029494,21.40868536,31.5
0.537,0,6.2,0,0.504,5.981,68.1,3.6715,8,307,17.4,378.35,11.65,0.256960476,0.389019739,0.513961492,5.987621495,68.10401004,0.506513975,5.989700629,68.10846802,24.3
0.46296,0,6.2,0,0.504,7.412,76.9,3.6715,8,307,17.4,376.14,5.25,0.599107432,0.818179892,0.508265356,7.415250098,76.90427638,0.508038481,7.419139559,76.90173075,31.7
0.57529,0,6.2,0,0.507,8.337,73.3,3.8384,8,307,17.4,385.91,2.47,0.394713432,0.137291703,0.509160145,8.342759999,73.30377523,0.509198637,8.342713667,73.30423686,41.7
0.33147,0,6.2,0,0.507,8.247,70.4,3.6519,8,307,17.4,378.95,3.95,0.704237277,0.092461606,0.510889862,8.2547186,70.40309971,0.51056733,8.255893413,70.40195538,48.3
0.44791,0,6.2,1,0.507,6.726,66.5,3.6519,8,307,17.4,360.2,8.05,0.09373428,0.568276133,0.507419879,6.730748677,66.50010749,0.509288702,6.730180144,66.50260091,29
0.33045,0,6.2,0,0.507,6.086,61.5,3.6519,8,307,17.4,376.75,10.88,0.833325919,0.140829029,0.509164429,6.093492155,61.50117154,0.512219332,6.095990011,61.50548159,24
0.52058,0,6.2,1,0.507,6.631,76.5,4.148,8,307,17.4,388.45,9.54,0.681337998,0.234934258,0.51369648,6.637483581,76.50053635,0.507432614,6.6342523,76.50434517,25.1
0.51183,0,6.2,0,0.507,7.358,71.6,4.148,8,307,17.4,390.07,4.73,0.50420141,0.180599217,0.509611245,7.358249427,71.60506903,0.508640449,7.367991995,71.60783937,31.5
0.08244,30,4.93,0,0.428,6.481,18.5,6.1899,6,300,16.6,379.41,6.36,0.357710102,0.529786014,0.433718375,6.481808085,18.5048633,0.434998783,6.490939035,18.50077418,23.7
0.09252,30,4.93,0,0.428,6.606,42.2,6.1899,6,300,16.6,383.78,7.37,0.760631103,0.728431429,0.432929402,6.613934856,42.20783073,0.436394171,6.615267331,42.20603758,23.3
0.11329,30,4.93,0,0.428,6.897,54.3,6.3361,6,300,16.6,391.25,11.38,0.278731382,0.560060511,0.435246514,6.898329792,54.30751049,0.42995029,6.901254627,54.30772298,22
0.10612,30,4.93,0,0.428,6.095,65.1,6.3361,6,300,16.6,394.62,12.4,0.70929291,0.769637843,0.430541542,6.098091874,65.10521552,0.42943404,6.097178137,65.10777624,20.1
0.1029,30,4.93,0,0.428,6.358,52.9,7.0355,6,300,16.6,372.75,11.22,0.039094966,0.117791004,0.436411068,6.360506627,52.90431787,0.429999278,6.365061308,52.90280583,22.2
0.12757,30,4.93,0,0.428,6.393,7.8,7.0355,6,300,16.6,374.71,5.19,0.090425645,0.555225844,0.433010518,6.402242864,7.809532013,0.432412681,6.401718884,7.80921695,23.7
0.20608,22,5.86,0,0.431,5.593,76.5,7.9549,7,330,19.1,372.49,12.5,0.603003995,0.691366771,0.434380451,5.598781796,76.50779055,0.436692458,5.594623849,76.50969621,17.6
0.19133,22,5.86,0,0.431,5.605,70.2,7.9549,7,330,19.1,389.13,18.46,0.705834147,0.362558244,0.440262666,5.607009126,70.20114868,0.438206389,5.607960927,70.2089465,18.5
0.33983,22,5.86,0,0.431,6.108,34.9,8.0555,7,330,19.1,390.18,9.16,0.911532266,0.36079267,0.439946181,6.116626461,34.90425445,0.433262429,6.113387181,34.90362708,24.3
0.19657,22,5.86,0,0.431,6.226,79.2,8.0555,7,330,19.1,376.14,10.15,0.522754888,0.483451964,0.434900999,6.230046837,79.2065828,0.433488036,6.235459108,79.20239724,20.5
0.16439,22,5.86,0,0.431,6.433,49.1,7.8265,7,330,19.1,374.71,9.52,0.401909668,0.973494862,0.433506429,6.434435183,49.1088169,0.435526474,6.441199928,49.10862546,24.5
0.19073,22,5.86,0,0.431,6.718,17.5,7.8265,7,330,19.1,393.74,6.56,0.006385999,0.714072795,0.431821324,6.725462469,17.50731662,0.435912134,6.726863319,17.50222332,26.2
0.1403,22,5.86,0,0.431,6.487,13,7.3967,7,330,19.1,396.28,5.9,0.691077314,0.646638207,0.436799864,6.489646912,13.0098257,0.433279218,6.492239992,13.0046312,24.4
0.21409,22,5.86,0,0.431,6.438,8.9,7.3967,7,330,19.1,377.07,3.59,0.409416145,0.786059038,0.435389898,6.442164009,8.901148028,0.438455149,6.442726576,8.908609798,24.8
0.08221,22,5.86,0,0.431,6.957,6.8,8.9067,7,330,19.1,386.09,3.53,0.560028611,0.374744866,0.436003583,6.960655332,6.809142053,0.437559833,6.959806193,6.804767046,29.6
0.36894,22,5.86,0,0.431,8.259,8.4,8.9067,7,330,19.1,396.9,3.54,0.660448169,0.069093709,0.435401562,8.261392158,8.403491391,0.439246597,8.264555974,8.408583262,42.8
0.04819,80,3.64,0,0.392,6.108,32,9.2203,1,315,16.4,392.89,6.57,0.397280411,0.806091815,0.393526007,6.115097576,32.0071426,0.40001792,6.117884032,32.00373032,21.9
0.03548,80,3.64,0,0.392,5.876,19.1,9.2203,1,315,16.4,395.18,9.25,0.300939998,0.153002154,0.393327408,5.882999192,19.10863864,0.394918459,5.883374366,19.10133401,20.9
0.01538,90,3.75,0,0.394,7.454,34.2,6.3361,3,244,15.9,386.34,3.11,0.558630244,0.076533988,0.399014371,7.458216287,34.20125747,0.39812804,7.460127505,34.20533522,44
0.61154,20,3.97,0,0.647,8.704,86.9,1.801,5,264,13,389.7,5.12,0.443689461,0.254969373,0.653508256,8.712127161,86.90622753,0.65344997,8.708853905,86.90333611,50
0.66351,20,3.97,0,0.647,7.333,100,1.8946,5,264,13,383.29,7.79,0.257052569,0.140097944,0.655954966,7.340321514,100.0097101,0.650731121,7.341557348,100.0022153,36
0.65665,20,3.97,0,0.647,6.842,100,2.0107,5,264,13,391.93,6.9,0.368989544,0.600310256,0.647536926,6.851353994,100.0061354,0.649169198,6.851414775,100.0019558,30.1
0.54011,20,3.97,0,0.647,7.203,81.8,2.1121,5,264,13,392.8,9.59,0.065770847,0.177474709,0.650975582,7.20754037,81.80685029,0.656941259,7.210111904,81.80462847,33.8
0.53412,20,3.97,0,0.647,7.52,89.4,2.1398,5,264,13,388.37,7.26,0.558436126,0.416006988,0.652690787,7.523702088,89.40659781,0.656512211,7.525462177,89.40461142,43.1
0.52014,20,3.97,0,0.647,8.398,91.5,2.2885,5,264,13,386.86,5.91,0.792764519,0.909750574,0.650686097,8.405144863,91.50736261,0.655905998,8.398324581,91.50208214,48.8
0.57834,20,3.97,0,0.575,8.297,67,2.4216,5,264,13,384.54,7.44,0.140385502,0.382752511,0.582689937,8.304242928,67.00239168,0.577691321,8.306472357,67.00172477,50
0.5405,20,3.97,0,0.575,7.47,52.6,2.872,5,264,13,390.3,3.16,0.635127761,0.245639703,0.584557662,7.478436251,52.60110344,0.576146278,7.477590932,52.60566639,43.5
0.09065,20,6.96,1,0.464,5.92,61.5,3.9175,3,223,18.6,391.34,13.65,0.547218077,0.454519656,0.473561006,5.925190349,61.5013141,0.465651772,5.920584037,61.50300179,20.7
0.29916,20,6.96,0,0.464,5.856,42.1,4.429,3,223,18.6,388.65,13,0.004284816,0.446464815,0.471227439,5.856219118,42.10429022,0.468637846,5.865160127,42.10271006,21.1
0.16211,20,6.96,0,0.464,6.24,16.3,4.429,3,223,18.6,396.9,6.59,0.453180358,0.767942688,0.466497764,6.249538197,16.30525858,0.469001584,6.245992271,16.30604058,25.2
0.1146,20,6.96,0,0.464,6.538,58.7,3.9175,3,223,18.6,394.96,7.73,0.880609322,0.329379943,0.46595175,6.539376208,58.70264864,0.471941629,6.538212926,58.70193376,24.4
0.22188,20,6.96,1,0.464,7.691,51.8,4.3665,3,223,18.6,390.77,6.58,0.496325793,0.496923256,0.469997328,7.697085459,51.80497491,0.473730502,7.696636759,51.8004812,35.2
0.05644,40,6.41,1,0.447,6.758,32.9,4.0776,4,254,17.6,396.9,3.53,0.813280713,0.151063058,0.456685527,6.766183005,32.9069399,0.456190632,6.76488858,32.90481559,32.4
0.09604,40,6.41,0,0.447,6.854,42.8,4.2673,4,254,17.6,396.9,2.98,0.325806396,0.740899667,0.448002374,6.858704462,42.80839036,0.452325994,6.863980861,42.80370451,32
0.10469,40,6.41,1,0.447,7.267,49,4.7872,4,254,17.6,389.25,6.05,0.519061749,0.426294681,0.452326501,7.272025743,49.00355983,0.447578391,7.271188132,49.0031662,33.2
0.06127,40,6.41,1,0.447,6.826,27.6,4.8628,4,254,17.6,393.45,4.16,0.367496096,0.747810793,0.447133222,6.829025954,27.60523738,0.449288894,6.833220705,27.60111381,33.1
0.07978,40,6.41,0,0.447,6.482,32.1,4.1403,4,254,17.6,396.9,7.19,0.35217622,0.769023105,0.45131009,6.483256501,32.1068891,0.449857456,6.484491633,32.10739073,29.1
0.21038,20,3.33,0,0.4429,6.812,32.2,4.1007,5,216,14.9,396.9,4.85,0.000265355,0.561940745,0.450222062,6.813333978,32.20555957,0.448473526,6.816257569,32.20537925,35.1
0.03578,20,3.33,0,0.4429,7.82,64.5,4.6947,5,216,14.9,387.31,3.76,0.182096303,0.808694022,0.451162378,7.822364593,64.50915184,0.4455842,7.820805422,64.50969391,45.4
0.03705,20,3.33,0,0.4429,6.968,37.2,5.2447,5,216,14.9,392.23,4.59,0.241244363,0.257047052,0.451633765,6.971867979,37.20519394,0.450360775,6.970147774,37.20228882,35.4
0.06129,20,3.33,1,0.4429,7.645,49.7,5.2119,5,216,14.9,377.07,3.01,0.283722732,0.803015294,0.450258028,7.650443045,49.70170498,0.444237054,7.650140267,49.7004092,46
0.01501,90,1.21,1,0.401,7.923,24.8,5.885,1,198,13.6,395.52,3.16,0.907472995,0.964714502,0.406548946,7.932231251,24.80599798,0.408689889,7.93103265,24.80689057,50
0.00906,90,2.97,0,0.4,7.088,20.8,7.3073,1,285,15.3,394.72,7.85,0.081647914,0.54942354,0.408685699,7.090903041,20.80825162,0.404052207,7.097920112,20.8093229,32.2
0.01096,55,2.25,0,0.389,6.453,31.9,7.3073,1,300,15.3,394.72,8.23,0.190085578,0.052702908,0.396566737,6.453391156,31.90611436,0.398373959,6.457986082,31.90223288,22
0.01965,80,1.76,0,0.385,6.23,31.5,9.0892,1,241,18.2,341.6,12.93,0.427639748,0.376824759,0.393946667,6.230898865,31.5003249,0.387382792,6.238471988,31.50781287,20.1
0.03871,52.5,5.32,0,0.405,6.209,31.3,7.3172,6,293,16.6,396.9,7.14,0.649859462,0.756485187,0.411992075,6.213268719,31.30551021,0.410954482,6.213413541,31.30581514,23.2
0.0459,52.5,5.32,0,0.405,6.315,45.6,7.3172,6,293,16.6,396.9,7.6,0.244370534,0.908912292,0.410227632,6.317865133,45.60717737,0.409202229,6.324276725,45.60540492,22.3
0.04297,52.5,5.32,0,0.405,6.565,22.9,7.3172,6,293,16.6,371.72,9.51,0.363021107,0.914515879,0.409877487,6.569243452,22.90367625,0.408104532,6.571703959,22.90642019,24.8
0.03502,80,4.95,0,0.411,6.861,27.9,5.1167,4,245,19.2,396.9,3.33,0.215969944,0.466251336,0.41923849,6.869495758,27.90151923,0.416738276,6.861877667,27.90936084,28.5
0.07886,80,4.95,0,0.411,7.148,27.7,5.1167,4,245,19.2,396.9,3.56,0.756860219,0.08043533,0.417568773,7.148885899,27.70940841,0.418811686,7.14991918,27.70351614,37.3
0.03615,80,4.95,0,0.411,6.63,23.4,5.1167,4,245,19.2,396.9,4.7,0.681972745,0.500716788,0.420245846,6.63799161,23.40369292,0.41595419,6.637398037,23.40122341,27.9
0.08265,0,13.92,0,0.437,6.127,18.4,5.5027,4,289,16,396.9,8.58,0.373141599,0.449569249,0.437276733,6.127825302,18.40014376,0.446943629,6.131524677,18.40798922,23.9
0.08199,0,13.92,0,0.437,6.009,42.3,5.5027,4,289,16,396.9,10.4,0.264858973,0.726955372,0.43760266,6.018998872,42.30064894,0.437293856,6.016078406,42.30664537,21.7
0.06466,70,2.24,0,0.4,6.345,20.1,7.8278,5,358,14.8,368.24,4.97,0.804380314,0.090429458,0.40786188,6.34858891,20.10492015,0.406899014,6.351561828,20.10479355,22.5
0.05561,70,2.24,0,0.4,7.041,10,7.8278,5,358,14.8,371.58,4.74,0.701078918,0.619952309,0.409597217,7.043565928,10.00305409,0.400333053,7.04542464,10.00052386,29
0.04417,70,2.24,0,0.4,6.871,47.4,7.8278,5,358,14.8,390.86,6.07,0.934590054,0.847322567,0.400108477,6.872401523,47.40621862,0.400723998,6.879144906,47.40539188,24.8
0.03537,34,6.09,0,0.433,6.59,40.4,5.4917,7,329,16.1,395.75,9.5,0.28456695,0.25456006,0.442999724,6.598987677,40.40455878,0.440482587,6.593143191,40.40922141,22
0.09266,34,6.09,0,0.433,6.495,18.4,5.4917,7,329,16.1,383.61,8.67,0.740473644,0.958966206,0.440721857,6.495530457,18.40058187,0.4428328,6.498222582,18.40381478,26.4
0.1,34,6.09,0,0.433,6.982,17.7,5.4917,7,329,16.1,390.43,4.86,0.020022869,0.583024024,0.441656868,6.989293238,17.70152717,0.43303226,6.990954811,17.70270639,33.1
0.05515,33,2.18,0,0.472,7.236,41.1,4.022,7,222,18.4,393.68,6.93,0.627906796,0.49411739,0.473516236,7.245651066,41.10740943,0.474993562,7.238644856,41.10802499,36.1
0.05479,33,2.18,0,0.472,6.616,58.1,3.37,7,222,18.4,393.36,8.93,0.640642693,0.797770471,0.47986104,6.618042789,58.10428539,0.48138659,6.61832276,58.10993714,28.4
0.07503,33,2.18,0,0.472,7.42,71.9,3.0992,7,222,18.4,396.9,6.47,0.55543108,0.28899929,0.473046047,7.42554176,71.90295398,0.479087117,7.428527018,71.90852054,33.4
0.04932,33,2.18,0,0.472,6.849,70.3,3.1827,7,222,18.4,396.9,7.53,0.535130848,0.367878562,0.475685012,6.856988472,70.30768964,0.474494374,6.85862279,70.30250901,28.2
0.49298,0,9.9,0,0.544,6.635,82.5,3.3175,4,304,18.4,396.9,4.54,0.155303717,0.611749809,0.545625597,6.64247597,82.50688619,0.552280201,6.63620041,82.5052638,22.8
0.3494,0,9.9,0,0.544,5.972,76.7,3.1025,4,304,18.4,396.24,9.97,0.737057892,0.51867418,0.549607949,5.979088009,76.70654229,0.549186683,5.972016602,76.70892827,20.3
2.63548,0,9.9,0,0.544,4.973,37.8,2.5194,4,304,18.4,350.45,12.64,0.049713334,0.21551692,0.546950557,4.973483896,37.80864311,0.544631717,4.975122966,37.8030242,16.1
0.79041,0,9.9,0,0.544,6.122,52.8,2.6403,4,304,18.4,396.9,5.98,0.11935932,0.156355883,0.550068264,6.128217531,52.80336485,0.552413987,6.130285205,52.80362093,22.1
0.26169,0,9.9,0,0.544,6.023,90.4,2.834,4,304,18.4,396.3,11.72,0.789100521,0.960670394,0.549249891,6.023428319,90.40522249,0.548711866,6.028148903,90.40301196,19.4
0.26938,0,9.9,0,0.544,6.266,82.8,3.2628,4,304,18.4,393.39,7.9,0.176016165,0.054954369,0.552426143,6.274755977,82.80699268,0.548655465,6.272213676,82.80525377,21.6
0.3692,0,9.9,0,0.544,6.567,87.3,3.6023,4,304,18.4,395.69,9.28,0.569735398,0.987377372,0.54726608,6.575281128,87.30602085,0.547161101,6.570076974,87.3085434,23.8
0.25356,0,9.9,0,0.544,5.705,77.7,3.945,4,304,18.4,396.42,11.5,0.938783861,0.149262265,0.551232138,5.707081471,77.70094816,0.553516766,5.708041031,77.70293207,16.2
0.31827,0,9.9,0,0.544,5.914,83.2,3.9986,4,304,18.4,390.7,18.33,0.326384524,0.719251581,0.549622942,5.917533954,83.20487474,0.548338158,5.914391351,83.20509113,17.8
0.24522,0,9.9,0,0.544,5.782,71.7,4.0317,4,304,18.4,396.9,15.94,0.508572002,0.525631131,0.548379224,5.791084564,71.70650462,0.54514511,5.783438662,71.70238298,19.8
0.40202,0,9.9,0,0.544,6.382,67.2,3.5325,4,304,18.4,395.21,10.36,0.821448206,0.104074644,0.55079826,6.384029709,67.20644874,0.547826107,6.387637758,67.20768839,23.1
0.47547,0,9.9,0,0.544,6.113,58.8,4.0019,4,304,18.4,396.23,12.73,0.760229156,0.434866106,0.544095474,6.115717449,58.80828696,0.552515147,6.121275265,58.80800082,21
0.1676,0,7.38,0,0.493,6.426,52.3,4.5404,5,287,19.6,396.9,7.2,0.884416601,0.739078158,0.495609398,6.429538564,52.3044767,0.497242446,6.428684435,52.3040317,23.8
0.18159,0,7.38,0,0.493,6.376,54.3,4.5404,5,287,19.6,396.9,6.87,0.971825132,0.493705977,0.502349372,6.376717017,54.30207892,0.49686387,6.378756283,54.30976026,23.1
0.35114,0,7.38,0,0.493,6.041,49.9,4.7211,5,287,19.6,396.9,7.7,0.103764733,0.386130481,0.501542812,6.045096434,49.9029643,0.501378799,6.049548329,49.9028098,20.4
0.28392,0,7.38,0,0.493,5.708,74.3,4.7211,5,287,19.6,391.13,11.74,0.145249028,0.892691805,0.501028297,5.708604499,74.30382049,0.499746254,5.713077974,74.3030178,18.5
0.34109,0,7.38,0,0.493,6.415,40.1,4.7211,5,287,19.6,396.9,6.12,0.452177519,0.040231094,0.493097767,6.424243396,40.10443595,0.49461031,6.41609124,40.10120185,25
0.19186,0,7.38,0,0.493,6.431,14.7,5.4159,5,287,19.6,393.68,5.08,0.170748066,0.067089353,0.501523507,6.43303554,14.70755493,0.500974645,6.434155609,14.70742796,24.6
0.30347,0,7.38,0,0.493,6.312,28.9,5.4159,5,287,19.6,396.9,6.15,0.025324648,0.512427637,0.500850278,6.312024466,28.90267528,0.495124568,6.312287386,28.90356648,23
0.24103,0,7.38,0,0.493,6.083,43.7,5.4159,5,287,19.6,396.9,12.79,0.584284088,0.121159558,0.500504913,6.091511477,43.70291742,0.494660624,6.084048698,43.70387353,22.2
0.06617,0,3.24,0,0.46,5.868,25.8,5.2146,4,430,16.9,382.44,9.97,0.109747059,0.6674363,0.463299133,5.87308365,25.80072388,0.465727676,5.873189871,25.80742382,19.3
0.06724,0,3.24,0,0.46,6.333,17.2,5.2146,4,430,16.9,375.21,7.34,0.840404246,0.272390718,0.469608489,6.341925093,17.20025729,0.468597465,6.339155481,17.2096671,22.6
0.04544,0,3.24,0,0.46,6.144,32.2,5.8736,4,430,16.9,368.57,9.09,0.122066699,0.766649675,0.466496721,6.149528531,32.20253972,0.467287963,6.145948503,32.2008501,19.8
0.05023,35,6.06,0,0.4379,5.706,28.4,6.6407,1,304,16.9,394.02,12.43,0.461085928,0.190386324,0.440662086,5.714084413,28.4019807,0.445049624,5.709462099,28.40243089,17.1
0.03466,35,6.06,0,0.4379,6.031,23.3,6.6407,1,304,16.9,362.25,7.83,0.811109771,0.582860172,0.441574572,6.036428357,23.30770222,0.446832752,6.040021565,23.30237236,19.4
0.05083,0,5.19,0,0.515,6.316,38.1,6.4584,5,224,20.2,389.71,5.68,0.862491159,0.354492999,0.524986619,6.325677273,38.10639887,0.52007177,6.321010465,38.10712477,22.2
0.03738,0,5.19,0,0.515,6.31,38.5,6.4584,5,224,20.2,389.4,6.75,0.290592077,0.566146297,0.519025789,6.319398264,38.50368742,0.522860415,6.315673429,38.50694476,20.7
0.05497,0,5.19,0,0.515,5.985,45.4,4.8122,5,224,20.2,396.9,9.74,0.37781556,0.371962545,0.521127867,5.986915193,45.40770217,0.519515943,5.991343582,45.40303605,19
0.06151,0,5.19,0,0.515,5.968,58.5,4.8122,5,224,20.2,396.9,9.29,0.16343241,0.668857656,0.524863869,5.971494118,58.50313463,0.524559349,5.977376468,58.50352025,18.7
0.01301,35,1.52,0,0.442,7.241,49.3,7.0379,1,284,15.5,394.74,5.49,0.72456695,0.820772591,0.442697181,7.24283336,49.30947526,0.447972979,7.249652272,49.30994476,32.7
0.02498,0,1.89,0,0.518,6.54,59.7,6.2669,1,422,15.9,389.96,8.65,0.933718592,0.667484099,0.520042193,6.548189155,59.70205823,0.520733749,6.546317034,59.70575335,16.5
0.02543,55,3.78,0,0.484,6.696,56.4,5.7321,5,370,17.6,396.9,7.18,0.194066648,0.479305702,0.484869862,6.702158946,56.40029306,0.488311391,6.703443726,56.40487854,23.9
0.03049,55,3.78,0,0.484,6.874,28.1,6.4654,5,370,17.6,387.97,4.61,0.47981001,0.065005439,0.488408834,6.879275895,28.1008937,0.487596738,6.879039771,28.10509275,31.2
0.03113,0,4.39,0,0.442,6.014,48.5,8.0136,3,352,18.8,385.64,10.53,0.070057874,0.40322876,0.444371635,6.021240025,48.50024747,0.448351581,6.014127478,48.50811616,17.5
0.06162,0,4.39,0,0.442,5.898,52.3,8.0136,3,352,18.8,364.61,12.67,0.162678513,0.407026226,0.443889592,5.898620316,52.30152897,0.448650303,5.900818258,52.30405931,17.2
0.0187,85,4.15,0,0.429,6.516,27.7,8.5353,4,351,17.9,392.43,6.36,0.058120304,0.252394872,0.43050675,6.521028705,27.70987958,0.432547256,6.522989238,27.70613108,23.1
0.01501,80,2.01,0,0.435,6.635,29.7,8.344,4,280,17,390.94,5.99,0.477459722,0.690706502,0.439844636,6.643014398,29.70207447,0.438250132,6.638948574,29.70907944,24.5
0.02899,40,1.25,0,0.429,6.939,34.5,8.7921,1,335,19.7,389.85,5.89,0.60759029,0.626910833,0.438531494,6.939419775,34.50959239,0.436102451,6.944466814,34.50621028,26.6
0.06211,40,1.25,0,0.429,6.49,44.4,8.7921,1,335,19.7,396.9,5.98,0.251590966,0.483523599,0.433857795,6.499017737,44.40796193,0.43662693,6.495714563,44.40110167,22.9
0.04301,80,1.91,0,0.413,5.663,21.9,10.5857,4,334,22,382.8,8.05,0.288338186,0.406875012,0.415626021,5.672384339,21.90928071,0.417056055,5.670752693,21.90004972,18.2
0.10659,80,1.91,0,0.413,5.936,19.5,10.5857,4,334,22,376.04,5.57,0.462519021,0.779793096,0.419430903,5.944364364,19.50863167,0.418922013,5.936531268,19.50519217,20.6
8.98296,0,18.1,1,0.77,6.212,97.4,2.1222,24,666,20.2,377.73,17.6,0.068669734,0.303584879,0.77987122,6.215262029,97.40063342,0.772060423,6.212982907,97.40874751,17.8
3.8497,0,18.1,1,0.77,6.395,91,2.5052,24,666,20.2,391.34,13.27,0.70361396,0.557346951,0.776427799,6.404552124,91.00157441,0.770381434,6.403057362,91.00456415,21.7
5.20177,0,18.1,1,0.77,6.127,83.4,2.7227,24,666,20.2,395.43,11.48,0.96892536,0.868691715,0.774480063,6.13553016,83.40024013,0.779281225,6.135645754,83.40471121,22.7
4.26131,0,18.1,0,0.77,6.112,81.3,2.5091,24,666,20.2,390.74,12.67,0.891824145,0.911315966,0.777988353,6.112528707,81.30473253,0.77848423,6.119628251,81.30402484,22.6
4.54192,0,18.1,0,0.77,6.398,88,2.5182,24,666,20.2,374.56,7.79,0.296289534,0.6156112,0.773003837,6.405504321,88.00708581,0.776221583,6.402882797,88.00212906,25
3.83684,0,18.1,0,0.77,6.251,91.1,2.2955,24,666,20.2,350.65,14.19,0.111949804,0.424352808,0.776771118,6.255767618,91.10649455,0.77792356,6.258653358,91.108615,19.9
3.67822,0,18.1,0,0.77,5.362,96.2,2.1036,24,666,20.2,380.79,10.19,0.453819519,0.608128624,0.771125508,5.369910141,96.20750423,0.774094053,5.365112942,96.20628521,20.8
3.69695,0,18.1,0,0.718,4.963,91.4,1.7523,24,666,20.2,316.03,14,0.216123626,0.890491173,0.726250524,4.96835604,91.40009602,0.725210187,4.963859629,91.4038805,21.9
13.5222,0,18.1,0,0.631,3.863,100,1.5106,24,666,20.2,131.42,13.33,0.261293881,0.908588078,0.633652576,3.869226764,100.0059151,0.639588609,3.871581973,100.0001794,23.1
4.89822,0,18.1,0,0.631,4.97,100,1.3325,24,666,20.2,375.52,3.26,0.073852993,0.734215701,0.63944007,4.974695301,100.0001353,0.636784073,4.97927017,100.0046317,50
5.66998,0,18.1,1,0.631,6.683,96.8,1.3567,24,666,20.2,375.33,3.73,0.475185882,0.455170248,0.635792399,6.69115049,96.80181855,0.636719227,6.683462025,96.80561839,50
6.53876,0,18.1,1,0.631,7.016,97.5,1.2024,24,666,20.2,392.05,2.96,0.03972182,0.513148719,0.64036836,7.021428809,97.50764419,0.634170367,7.025221855,97.50750596,50
9.2323,0,18.1,0,0.631,6.216,100,1.1691,24,666,20.2,366.15,9.53,0.770259035,0.475144724,0.631192605,6.221466236,100.0057149,0.635123588,6.222961453,100.0000592,50
8.26725,0,18.1,1,0.668,5.875,89.6,1.1296,24,666,20.2,347.88,8.88,0.822377736,0.774518371,0.672462791,5.881075538,89.60365624,0.674719722,5.880290085,89.60148269,50
11.1081,0,18.1,0,0.668,4.906,100,1.1742,24,666,20.2,396.9,34.77,0.302351627,0.464584888,0.674984206,4.914514198,100.0033551,0.670962478,4.91574229,100.009241,13.8
18.4982,0,18.1,0,0.668,4.138,100,1.137,24,666,20.2,396.9,37.97,0.01547307,0.402929792,0.677177787,4.146245448,100.0052885,0.670491434,4.145804507,100.0026414,13.8
19.6091,0,18.1,0,0.671,7.313,97.9,1.3163,24,666,20.2,396.9,13.44,0.26275739,0.275527539,0.680712682,7.319794458,97.90849045,0.678002864,7.315962262,97.90531651,15
15.288,0,18.1,0,0.671,6.649,93.3,1.3449,24,666,20.2,363.02,23.24,0.080850719,0.552844438,0.676465222,6.655202021,93.3039017,0.677013903,6.649994449,93.30866183,13.9
9.82349,0,18.1,0,0.671,6.794,98.8,1.358,24,666,20.2,396.9,21.24,0.947489285,0.910003126,0.675871918,6.801391138,98.80662862,0.6771251,6.795676829,98.8016404,13.3
23.6482,0,18.1,0,0.671,6.38,96.2,1.3861,24,666,20.2,396.9,23.69,0.760506517,0.982521736,0.678041589,6.389582406,96.20171895,0.671391637,6.380504414,96.20294565,13.1
17.8667,0,18.1,0,0.671,6.223,100,1.3861,24,666,20.2,393.74,21.78,0.970400875,0.851706039,0.678296146,6.227194198,100.0019974,0.678666814,6.227647251,100.0080104,10.2
88.9762,0,18.1,0,0.671,6.968,91.9,1.4165,24,666,20.2,396.9,17.21,0.636479091,0.949294703,0.680330109,6.976996816,91.90833193,0.678967564,6.972092323,91.90927834,10.4
8.15174,0,18.1,0,0.7,5.39,98.9,1.7281,24,666,20.2,396.9,20.85,0.90095688,0.230465498,0.702401845,5.396608607,98.90638453,0.700730776,5.393611908,98.90394624,11.5
6.96215,0,18.1,0,0.7,5.713,97,1.9265,24,666,20.2,394.43,17.11,0.382053274,0.161012107,0.705913356,5.722158831,97.00115703,0.701045342,5.715241839,97.00324726,15.1
5.29305,0,18.1,0,0.7,6.051,82.5,2.1678,24,666,20.2,378.38,18.76,0.50188666,0.103196037,0.700874963,6.054610793,82.50110054,0.703503815,6.06028197,82.5033825,23.2
11.5779,0,18.1,0,0.7,5.036,97,1.77,24,666,20.2,396.9,25.68,0.574349177,0.27733816,0.707748369,5.036208989,97.00596802,0.708935373,5.038204795,97.00482055,9.7
8.64476,0,18.1,0,0.693,6.193,92.6,1.7912,24,666,20.2,396.9,15.17,0.603963242,0.800344633,0.695666486,6.20083903,92.60932319,0.698700563,6.19553768,92.60556429,13.8
13.3598,0,18.1,0,0.693,5.887,94.7,1.7821,24,666,20.2,396.9,16.35,0.213656507,0.550109986,0.694911918,5.889990906,94.70236475,0.698827276,5.894036143,94.70787621,12.7
8.71675,0,18.1,0,0.693,6.471,98.8,1.7257,24,666,20.2,391.98,17.12,0.505088156,0.854807176,0.695149378,6.47962459,98.80002245,0.697808857,6.474468591,98.80243861,13.1
5.87205,0,18.1,0,0.693,6.405,96,1.6768,24,666,20.2,396.9,19.37,0.039675782,0.022114902,0.701752097,6.410644543,96.00320245,0.694481299,6.414654261,96.00349513,12.5
7.67202,0,18.1,0,0.693,5.747,98.9,1.6334,24,666,20.2,393.1,19.92,0.794478037,0.534605587,0.700467502,5.749891704,98.90397375,0.69931342,5.748444122,98.9040455,8.5
38.3518,0,18.1,0,0.693,5.453,100,1.4896,24,666,20.2,396.9,30.59,0.056237447,0.880752249,0.698448138,5.454032225,100.0082003,0.699117396,5.462627687,100.0086501,5
9.91655,0,18.1,0,0.693,5.852,77.8,1.5004,24,666,20.2,338.16,29.97,0.340860311,0.396086242,0.698672926,5.85691336,77.80359262,0.701475819,5.856940507,77.80085951,6.3
25.0461,0,18.1,0,0.693,5.987,100,1.5888,24,666,20.2,396.9,26.77,0.529341197,0.946839491,0.696488596,5.99057445,100.0094212,0.694180347,5.988629013,100.00315,5.6
14.2362,0,18.1,0,0.693,6.343,100,1.5741,24,666,20.2,396.9,20.32,0.006614772,0.662127959,0.693327516,6.346563653,100.0069074,0.697645329,6.351775001,100.0041765,7.2
9.59571,0,18.1,0,0.693,6.404,100,1.639,24,666,20.2,376.11,20.31,0.046739688,0.367000885,0.696669449,6.410762779,100.0006134,0.69650577,6.405954128,100.0023572,12.1
24.8017,0,18.1,0,0.693,5.349,96,1.7028,24,666,20.2,396.9,19.77,0.621066734,0.008255959,0.696254763,5.355451439,96.00717655,0.70167054,5.358227859,96.00907395,8.3
41.5292,0,18.1,0,0.693,5.531,85.4,1.6074,24,666,20.2,329.46,27.38,0.870913457,0.753915652,0.699484183,5.533484178,85.40108232,0.694020317,5.534330397,85.40866009,8.5
67.9208,0,18.1,0,0.693,5.683,100,1.4254,24,666,20.2,384.97,22.98,0.962947446,0.565020585,0.696606227,5.68624993,100.0069187,0.694853731,5.684007764,100.0056911,5
20.7162,0,18.1,0,0.659,4.138,100,1.1781,24,666,20.2,370.22,23.34,0.930568832,0.36844964,0.668959538,4.138452013,100.0086268,0.664581084,4.143215701,100.0033503,11.9
7.40389,0,18.1,0,0.597,5.617,97.9,1.4547,24,666,20.2,314.64,26.4,0.466507454,0.644413582,0.59966032,5.624091907,97.90356096,0.606779064,5.626782802,97.90612817,17.2
14.4383,0,18.1,0,0.597,6.852,100,1.4655,24,666,20.2,179.36,19.78,0.761580591,0.372043121,0.601772181,6.859185397,100.0042589,0.598558363,6.857082983,100.0060677,27.5
51.1358,0,18.1,0,0.597,5.757,100,1.413,24,666,20.2,2.6,10.11,0.805827158,0.523213602,0.598410299,5.759706457,100.0022019,0.606682526,5.761882834,100.0011498,15
14.0507,0,18.1,0,0.597,6.657,100,1.5275,24,666,20.2,35.05,21.22,0.156472181,0.875280681,0.597572808,6.660426607,100.0076139,0.599659097,6.66579814,100.0045632,17.2
18.811,0,18.1,0,0.597,4.628,100,1.5539,24,666,20.2,28.79,34.37,0.445168873,0.568100576,0.601191925,4.630558401,100.0078644,0.601412843,4.634842816,100.0091135,17.9
28.6558,0,18.1,0,0.597,5.155,100,1.5894,24,666,20.2,210.97,20.08,0.825136237,0.084458973,0.597358687,5.160405521,100.0043944,0.603370094,5.158734558,100.0010913,16.3
45.7461,0,18.1,0,0.693,4.519,100,1.6582,24,666,20.2,88.27,36.98,0.774887517,0.492071937,0.697449461,4.524687949,100.0072889,0.702248812,4.522450578,100.008456,7
18.0846,0,18.1,0,0.679,6.434,100,1.8347,24,666,20.2,27.25,29.05,0.769073589,0.701966239,0.680011195,6.434764147,100.0060753,0.685994552,6.437162942,100.0078709,7.2
10.8342,0,18.1,0,0.679,6.782,90.8,1.8195,24,666,20.2,21.57,25.79,0.189727513,0.305107802,0.687669637,6.786917251,90.80143941,0.687655306,6.782924127,90.80729655,7.5
25.9406,0,18.1,0,0.679,5.304,89.1,1.6475,24,666,20.2,127.36,26.64,0.628948539,0.175594391,0.683750837,5.306686088,89.10035566,0.68744845,5.308020189,89.10127602,10.4
73.5341,0,18.1,0,0.679,5.957,100,1.8026,24,666,20.2,16.45,20.62,0.792084926,0.372562158,0.682457455,5.961861655,100.0015318,0.681761836,5.959976951,100.0057365,8.8
11.8123,0,18.1,0,0.718,6.824,76.5,1.794,24,666,20.2,48.45,22.74,0.147469374,0.230171338,0.723328032,6.826946885,76.50430573,0.726392517,6.832900553,76.50607135,8.4
11.0874,0,18.1,0,0.718,6.411,100,1.8589,24,666,20.2,318.75,15.02,0.921802184,0.53138254,0.719473479,6.41750471,100.0075759,0.724103048,6.412963531,100.0074186,16.7
7.02259,0,18.1,0,0.718,6.006,95.3,1.8746,24,666,20.2,319.98,15.7,0.617448551,0.407371748,0.723276675,6.012991862,95.30678721,0.719451766,6.01431191,95.30751497,14.2
12.0482,0,18.1,0,0.614,5.648,87.6,1.9512,24,666,20.2,291.55,14.1,0.447382515,0.186024683,0.618375002,5.651271917,87.60027846,0.622964783,5.657661148,87.60320772,20.8
7.05042,0,18.1,0,0.614,6.103,85.1,2.0218,24,666,20.2,2.52,23.29,0.999359296,0.975313062,0.614673366,6.109709884,85.10432433,0.618956914,6.108820432,85.10632109,13.4
8.79212,0,18.1,0,0.584,5.565,70.6,2.0635,24,666,20.2,3.65,17.16,0.141172559,0.798717407,0.589227865,5.569344746,70.60095567,0.587974815,5.574840323,70.60395736,11.7
15.8603,0,18.1,0,0.679,5.896,95.4,1.9096,24,666,20.2,7.68,24.39,0.823550171,0.544095264,0.683577807,5.896563958,95.40169409,0.682732099,5.902057222,95.40065549,8.3
12.2472,0,18.1,0,0.584,5.837,59.7,1.9976,24,666,20.2,24.65,15.69,0.617160965,0.312861584,0.589387269,5.837525036,59.70487329,0.592450754,5.843949838,59.70962017,10.2
37.6619,0,18.1,0,0.679,6.202,78.7,1.8629,24,666,20.2,18.82,14.52,0.558723183,0.131912102,0.684581574,6.205620948,78.70755247,0.679142955,6.211394621,78.70600493,10.9
7.36711,0,18.1,0,0.679,6.193,78.1,1.9356,24,666,20.2,96.73,21.52,0.467000724,0.591738459,0.680255815,6.198480929,78.10533622,0.686693647,6.199287013,78.10763775,11
9.33889,0,18.1,0,0.679,6.38,95.6,1.9682,24,666,20.2,60.72,24.08,0.800489662,0.044126104,0.680323709,6.380947976,95.60671508,0.685076254,6.384484471,95.60825696,9.5
8.49213,0,18.1,0,0.584,6.348,86.1,2.0527,24,666,20.2,83.45,17.64,0.187925502,0.649720974,0.585984347,6.354266917,86.10607744,0.588185918,6.350932029,86.10861056,14.5
10.0623,0,18.1,0,0.584,6.833,94.3,2.0882,24,666,20.2,81.33,19.69,0.327600672,0.807474061,0.587623783,6.842460749,94.30080245,0.590484204,6.84015987,94.30766186,14.1
6.44405,0,18.1,0,0.584,6.425,74.8,2.2004,24,666,20.2,97.95,12.03,0.743806135,0.273739937,0.591873921,6.426720479,74.80413702,0.585646296,6.425624629,74.80118357,16.1
5.58107,0,18.1,0,0.713,6.436,87.9,2.3158,24,666,20.2,100.19,16.22,0.963349564,0.957860831,0.71818394,6.441872894,87.90018136,0.714723606,6.440237613,87.90714363,14.3
13.9134,0,18.1,0,0.713,6.208,95,2.2222,24,666,20.2,100.63,15.17,0.935293867,0.913204669,0.718846948,6.215687811,95.00826223,0.722673004,6.216447081,95.00942938,11.7
11.1604,0,18.1,0,0.74,6.629,94.6,2.1247,24,666,20.2,109.85,23.27,0.278485776,0.747943978,0.742097391,6.6315051,94.60682175,0.746001181,6.63659972,94.60767252,13.4
14.4208,0,18.1,0,0.74,6.461,93.3,2.0026,24,666,20.2,27.49,18.05,0.395038238,0.227489177,0.744874192,6.464791393,93.30075371,0.742515226,6.462649655,93.30877238,9.6
15.1772,0,18.1,0,0.74,6.152,100,1.9142,24,666,20.2,9.32,26.45,0.652477884,0.893224825,0.744459363,6.161630104,100.0027343,0.745884997,6.157211758,100.0080552,8.7
13.6781,0,18.1,0,0.74,5.935,87.9,1.8206,24,666,20.2,68.95,34.02,0.758777102,0.330153683,0.743416025,5.938706031,87.90199919,0.748970133,5.938485733,87.90830681,8.4
9.39063,0,18.1,0,0.74,5.627,93.9,1.8172,24,666,20.2,396.9,22.88,0.35521147,0.564299363,0.741461881,5.633104653,93.9081807,0.741617955,5.627887512,93.90176849,12.8
22.0511,0,18.1,0,0.74,5.818,92.4,1.8662,24,666,20.2,391.45,22.11,0.206823521,0.811650676,0.742253752,5.819188867,92.4074089,0.746932048,5.824847262,92.4009509,10.5
9.72418,0,18.1,0,0.74,6.406,97.2,2.0651,24,666,20.2,385.96,19.52,0.318837607,0.853028468,0.748800234,6.412912031,97.2033597,0.746351372,6.408922558,97.20855381,17.1
5.66637,0,18.1,0,0.74,6.219,100,2.0048,24,666,20.2,395.69,16.59,0.751997359,0.206114513,0.743620024,6.227838702,100.000357,0.742636179,6.225264478,100.0052941,18.4
9.96654,0,18.1,0,0.74,6.485,100,1.9784,24,666,20.2,386.73,18.85,0.305916567,0.465333873,0.742594094,6.491257778,100.0079585,0.748167944,6.492505607,100.0026462,15.4
12.8023,0,18.1,0,0.74,5.854,96.6,1.8956,24,666,20.2,240.52,23.79,0.912449801,0.838065614,0.741117487,5.859754963,96.6038618,0.746409925,5.857301098,96.6087117,10.8
10.6718,0,18.1,0,0.74,6.459,94.8,1.9879,24,666,20.2,43.06,23.98,0.630390227,0.597463652,0.745059112,6.462340453,94.80962946,0.741018978,6.467572519,94.80091148,11.8
6.28807,0,18.1,0,0.74,6.341,96.4,2.072,24,666,20.2,318.01,17.79,0.459415198,0.439054851,0.746246796,6.341828228,96.40908414,0.745264358,6.341803397,96.40594764,14.9
9.92485,0,18.1,0,0.74,6.251,96.6,2.198,24,666,20.2,388.52,16.44,0.619302672,0.577890103,0.740840248,6.26017815,96.60969963,0.744120987,6.256116316,96.60116756,12.6
9.32909,0,18.1,0,0.713,6.185,98.7,2.2616,24,666,20.2,396.9,18.13,0.285446848,0.299564437,0.71828105,6.192514185,98.70251034,0.71489794,6.194794155,98.70108298,14.1
7.52601,0,18.1,0,0.713,6.417,98.3,2.185,24,666,20.2,304.21,19.31,0.565413074,0.966220793,0.718932962,6.426598734,98.30443829,0.715457218,6.420947714,98.30832517,13
6.71772,0,18.1,0,0.713,6.749,92.6,2.3236,24,666,20.2,0.32,17.44,0.354781615,0.388988334,0.715582869,6.756230175,92.60894281,0.7135216,6.755957365,92.60555503,13.4
5.44114,0,18.1,0,0.713,6.655,98.2,2.3552,24,666,20.2,355.29,17.73,0.488616448,0.732900796,0.718198219,6.660937621,98.20795253,0.715676886,6.657195031,98.20994148,15.2
5.09017,0,18.1,0,0.713,6.297,91.8,2.3682,24,666,20.2,385.09,17.27,0.524665739,0.401168797,0.715400346,6.298059872,91.80977536,0.714396919,6.300606986,91.80626546,16.1
8.24809,0,18.1,0,0.713,7.393,99.3,2.4527,24,666,20.2,375.87,16.74,0.82054948,0.122848714,0.721926756,7.397442704,99.30402988,0.722401831,7.397600213,99.30945248,17.8
7.75223,0,18.1,0,0.713,6.301,83.7,2.7831,24,666,20.2,272.21,16.23,0.906427988,0.801440562,0.716492573,6.306280927,83.70990767,0.71584356,6.305111402,83.70424655,14.9
6.80117,0,18.1,0,0.713,6.081,84.4,2.7175,24,666,20.2,396.9,14.7,0.852462444,0.343946278,0.721021544,6.081713742,84.40736306,0.720295748,6.088054763,84.40504442,20
4.81213,0,18.1,0,0.713,6.701,90,2.5975,24,666,20.2,255.23,16.42,0.436280828,0.166714073,0.720658152,6.710680475,90.00259942,0.713787596,6.701701614,90.00694035,16.4
3.69311,0,18.1,0,0.713,6.376,88.4,2.5671,24,666,20.2,391.43,14.65,0.183600795,0.562859877,0.714510948,6.384094265,88.40363537,0.715849749,6.382995122,88.40531809,17.7
6.65492,0,18.1,0,0.713,6.317,83,2.7344,24,666,20.2,396.9,13.99,0.24643841,0.399886834,0.72086668,6.31969296,83.00765896,0.71854033,6.319858312,83.00269217,19.5
5.82115,0,18.1,0,0.713,6.513,89.9,2.8016,24,666,20.2,393.82,10.29,0.029977234,0.108910868,0.722122249,6.522378623,89.90646756,0.715908,6.517333407,89.90175201,20.2
7.83932,0,18.1,0,0.655,6.209,65.4,2.9634,24,666,20.2,396.9,13.22,0.957317286,0.448286584,0.65607272,6.217854893,65.40078981,0.655142687,6.209074258,65.40369185,21.4
3.1636,0,18.1,0,0.655,5.759,48.2,3.0665,24,666,20.2,334.4,14.13,0.316534147,0.057934374,0.658035723,5.768024021,48.20437471,0.661286383,5.76208883,48.20105641,19.9
3.77498,0,18.1,0,0.655,5.952,84.7,2.8715,24,666,20.2,22.01,17.15,0.416573497,0.531757189,0.66259098,5.959474749,84.70497215,0.658045005,5.956876229,84.70630504,19
4.42228,0,18.1,0,0.584,6.003,94.5,2.5403,24,666,20.2,331.29,21.32,0.884085567,0.575841892,0.586278732,6.012907014,94.50326623,0.589076131,6.005410094,94.50366114,19.1
15.5757,0,18.1,0,0.58,5.926,71,2.9084,24,666,20.2,368.74,18.13,0.25662911,0.343825944,0.583085598,5.934336013,71.00217464,0.584453956,5.93367675,71.00352646,19.1
13.0751,0,18.1,0,0.58,5.713,56.7,2.8237,24,666,20.2,396.9,14.76,0.610720691,0.87693549,0.587765748,5.720977178,56.70418981,0.587842156,5.717827973,56.70423539,20.1
4.34879,0,18.1,0,0.58,6.167,84,3.0334,24,666,20.2,396.9,16.29,0.184614353,0.609904191,0.580974272,6.170582851,84.00763016,0.587548797,6.175575194,84.00453877,19.9
4.03841,0,18.1,0,0.532,6.229,90.7,3.0993,24,666,20.2,395.33,12.87,0.318787552,0.777123148,0.536678793,6.238896583,90.70033799,0.532438078,6.231001427,90.70008959,19.6
3.56868,0,18.1,0,0.58,6.437,75,2.8965,24,666,20.2,393.37,14.36,0.857126033,0.540975023,0.588759622,6.438070608,75.00186956,0.586466592,6.441651674,75.00217108,23.2
4.64689,0,18.1,0,0.614,6.98,67.6,2.5329,24,666,20.2,374.68,11.66,0.197384139,0.622641472,0.621831091,6.981876922,67.60555637,0.62190312,6.983755835,67.60214163,29.8
8.05579,0,18.1,0,0.584,5.427,95.4,2.4298,24,666,20.2,352.58,18.14,0.412934696,0.634840975,0.585294267,5.428727359,95.40873402,0.587279867,5.431645216,95.40473077,13.8
6.39312,0,18.1,0,0.584,6.162,97.4,2.206,24,666,20.2,302.76,24.1,0.186540853,0.149084559,0.593181379,6.16591598,97.40359766,0.58791565,6.162806142,97.40179441,13.3
4.87141,0,18.1,0,0.614,6.484,93.6,2.3053,24,666,20.2,396.21,18.68,0.237379472,0.688067986,0.618358561,6.490157543,93.60197691,0.617550672,6.492852357,93.60052022,16.7
15.0234,0,18.1,0,0.614,5.304,97.3,2.1007,24,666,20.2,349.48,24.91,0.435150474,0.10298724,0.615461151,5.310456507,97.30625254,0.617712612,5.306951859,97.3099967,12
10.233,0,18.1,0,0.614,6.185,96.7,2.1705,24,666,20.2,379.7,18.03,0.524983009,0.130192387,0.620548032,6.186927513,96.70010331,0.620695627,6.185708678,96.70214329,14.6
5.73116,0,18.1,0,0.532,7.061,77,3.4106,24,666,20.2,395.28,7.01,0.163286546,0.359309236,0.539562339,7.06404728,77.0015383,0.540685718,7.062353407,77.00858859,25
2.81838,0,18.1,0,0.532,5.762,40.3,4.0983,24,666,20.2,392.92,10.42,0.770505983,0.946881528,0.538659084,5.764758841,40.30455403,0.533133761,5.770711058,40.30826208,21.8
2.37857,0,18.1,0,0.583,5.871,41.9,3.724,24,666,20.2,370.73,13.34,0.847816644,0.001690941,0.58417208,5.878286545,41.90352253,0.586025086,5.871126323,41.90904333,20.6
3.67367,0,18.1,0,0.583,6.312,51.9,3.9917,24,666,20.2,388.62,10.58,0.530215024,0.163038976,0.585810827,6.312317391,51.90857609,0.589016494,6.319586583,51.90626331,21.2
5.69175,0,18.1,0,0.583,6.114,79.8,3.5459,24,666,20.2,392.68,14.98,0.402910129,0.511789281,0.584866416,6.116785154,79.80471782,0.591133936,6.120324034,79.80646669,19.1
4.83567,0,18.1,0,0.583,5.905,53.2,3.1523,24,666,20.2,388.22,11.45,0.684846225,0.718885642,0.592402532,5.907907865,53.20498011,0.589569682,5.912235165,53.20994859,20.6
0.15086,0,27.74,0,0.609,5.454,92.7,1.8209,4,711,20.1,395.09,18.06,0.782724473,0.320937556,0.610940844,5.463868347,92.70051543,0.617257801,5.463464768,92.70810818,15.2
0.18337,0,27.74,0,0.609,5.414,98.3,1.7554,4,711,20.1,344.05,23.97,0.548613659,0.716430565,0.610205395,5.415411416,98.30863049,0.610552761,5.415350402,98.3090797,7
0.11132,0,27.74,0,0.609,5.983,83.5,2.1099,4,711,20.1,396.9,13.35,0.619993872,0.159360969,0.617719319,5.986568986,83.5015959,0.617852331,5.992898438,83.50396006,20.1
0.17331,0,9.69,0,0.585,5.707,54,2.3817,6,391,19.2,396.9,12.01,0.199520538,0.854649413,0.586294595,5.708945255,54.00141369,0.591631041,5.711797258,54.00191328,21.8
0.27957,0,9.69,0,0.585,5.926,42.6,2.3817,6,391,19.2,396.9,13.59,0.777255201,0.492916337,0.591695057,5.933584755,42.6082429,0.588195827,5.927001805,42.60225246,24.5
0.2896,0,9.69,0,0.585,5.39,72.9,2.7986,6,391,19.2,396.9,21.14,0.05805449,0.562688423,0.594358737,5.399701866,72.90420109,0.586861833,5.399155953,72.9048204,19.7
0.26838,0,9.69,0,0.585,5.794,70.6,2.8927,6,391,19.2,396.9,14.1,0.122663317,0.044728959,0.589566578,5.800353742,70.60886094,0.587410908,5.798294402,70.60672764,18.3
0.23912,0,9.69,0,0.585,6.019,65.3,2.4091,6,391,19.2,396.9,12.92,0.658581872,0.80964493,0.593267914,6.028015387,65.30905101,0.587567624,6.027438484,65.30572386,21.2
0.17783,0,9.69,0,0.585,5.569,73.5,2.3999,6,391,19.2,395.77,15.1,0.689277981,0.391706056,0.585280935,5.56980303,73.50004937,0.594974155,5.575066468,73.50522365,17.5
0.22438,0,9.69,0,0.585,6.027,79.7,2.4982,6,391,19.2,396.9,14.33,0.237389667,0.457128256,0.594005567,6.036408966,79.70647742,0.594912553,6.029112821,79.70410501,16.8
0.06263,0,11.93,0,0.573,6.593,69.1,2.4786,1,273,21,391.99,9.67,0.467092626,0.591193166,0.580440484,6.599803537,69.1062787,0.573446297,6.600121885,69.10870765,22.4
0.04527,0,11.93,0,0.573,6.12,76.7,2.2875,1,273,21,396.9,9.08,0.435924002,0.818895298,0.577673703,6.128957817,76.70374148,0.57603713,6.120378265,76.70145781,20.6
0.06076,0,11.93,0,0.573,6.976,91,2.1675,1,273,21,396.9,5.64,0.257421526,0.016555899,0.57513844,6.98138096,91.00646376,0.573595188,6.980278632,91.00104864,23.9
0.10959,0,11.93,0,0.573,6.794,89.3,2.3889,1,273,21,393.45,6.48,0.509039952,0.885387357,0.582623787,6.798905617,89.30748191,0.573883334,6.801516288,89.30733513,22
0.04741,0,11.93,0,0.573,6.03,80.8,2.505,1,273,21,396.9,7.88,0.531950973,0.000661732,0.574685122,6.037552014,80.80766802,0.573158331,6.034341114,80.80842807,11.9
